"","Worm","Age","Treatment","Plate","Death_date","Cause","D1","Day","status"
"1",3,1,"Con",1,"11/04/2025","D","24/03/2025",18,0
"2",3,2,"Con",1,"11/04/2025","D","24/03/2025",18,0
"3",3,3,"Con",1,NA,"D",NA,NA,0
"4",3,4,"Con",1,"11/04/2025","D","24/03/2025",18,0
"5",3,5,"Con",1,NA,"D",NA,NA,0
"6",3,6,"Con",1,"11/04/2025","D","24/03/2025",18,0
"7",3,7,"Con",1,"11/04/2025","D","24/03/2025",18,0
"8",3,8,"Con",1,"11/04/2025","D","24/03/2025",18,0
"9",3,9,"Con",1,"11/04/2025","D","24/03/2025",18,0
"10",3,10,"Con",1,"11/04/2025","D","24/03/2025",18,0
"11",3,11,"Con",1,"11/04/2025","D","24/03/2025",18,0
"12",3,12,"Con",1,"11/04/2025","D","24/03/2025",18,0
"13",3,13,"Con",1,"11/04/2025","D","24/03/2025",18,0
"14",3,14,"Con",1,"11/04/2025","D","24/03/2025",18,0
"15",3,15,"Con",1,"11/04/2025","D","24/03/2025",18,0
"16",3,16,"Con",1,"11/04/2025","D","24/03/2025",18,0
"17",3,17,"Con",1,"11/04/2025","D","24/03/2025",18,0
"18",3,18,"Con",1,"11/04/2025","D","24/03/2025",18,1
"19",4,1,"Con",1,"12/04/2025","D","24/03/2025",19,0
"20",4,2,"Con",1,"12/04/2025","D","24/03/2025",19,0
"21",4,3,"Con",1,NA,"D",NA,NA,0
"22",4,4,"Con",1,"12/04/2025","D","24/03/2025",19,0
"23",4,5,"Con",1,NA,"D",NA,NA,0
"24",4,6,"Con",1,"12/04/2025","D","24/03/2025",19,0
"25",4,7,"Con",1,"12/04/2025","D","24/03/2025",19,0
"26",4,8,"Con",1,"12/04/2025","D","24/03/2025",19,0
"27",4,9,"Con",1,"12/04/2025","D","24/03/2025",19,0
"28",4,10,"Con",1,"12/04/2025","D","24/03/2025",19,0
"29",4,11,"Con",1,"12/04/2025","D","24/03/2025",19,0
"30",4,12,"Con",1,"12/04/2025","D","24/03/2025",19,0
"31",4,13,"Con",1,"12/04/2025","D","24/03/2025",19,0
"32",4,14,"Con",1,"12/04/2025","D","24/03/2025",19,0
"33",4,15,"Con",1,"12/04/2025","D","24/03/2025",19,0
"34",4,16,"Con",1,"12/04/2025","D","24/03/2025",19,0
"35",4,17,"Con",1,"12/04/2025","D","24/03/2025",19,0
"36",4,18,"Con",1,"12/04/2025","D","24/03/2025",19,0
"37",4,19,"Con",1,"12/04/2025","D","24/03/2025",19,1
"38",5,1,"Con",1,"13/04/2025","D","24/03/2025",20,0
"39",5,2,"Con",1,"13/04/2025","D","24/03/2025",20,0
"40",5,3,"Con",1,NA,"D",NA,NA,0
"41",5,4,"Con",1,"13/04/2025","D","24/03/2025",20,0
"42",5,5,"Con",1,NA,"D",NA,NA,0
"43",5,6,"Con",1,"13/04/2025","D","24/03/2025",20,0
"44",5,7,"Con",1,"13/04/2025","D","24/03/2025",20,0
"45",5,8,"Con",1,"13/04/2025","D","24/03/2025",20,0
"46",5,9,"Con",1,"13/04/2025","D","24/03/2025",20,0
"47",5,10,"Con",1,"13/04/2025","D","24/03/2025",20,0
"48",5,11,"Con",1,"13/04/2025","D","24/03/2025",20,0
"49",5,12,"Con",1,"13/04/2025","D","24/03/2025",20,0
"50",5,13,"Con",1,"13/04/2025","D","24/03/2025",20,0
"51",5,14,"Con",1,"13/04/2025","D","24/03/2025",20,0
"52",5,15,"Con",1,"13/04/2025","D","24/03/2025",20,0
"53",5,16,"Con",1,"13/04/2025","D","24/03/2025",20,0
"54",5,17,"Con",1,"13/04/2025","D","24/03/2025",20,0
"55",5,18,"Con",1,"13/04/2025","D","24/03/2025",20,0
"56",5,19,"Con",1,"13/04/2025","D","24/03/2025",20,0
"57",5,20,"Con",1,"13/04/2025","D","24/03/2025",20,1
"58",6,1,"Con",1,"13/04/2025","D","24/03/2025",20,0
"59",6,2,"Con",1,"13/04/2025","D","24/03/2025",20,0
"60",6,3,"Con",1,NA,"D",NA,NA,0
"61",6,4,"Con",1,"13/04/2025","D","24/03/2025",20,0
"62",6,5,"Con",1,NA,"D",NA,NA,0
"63",6,6,"Con",1,"13/04/2025","D","24/03/2025",20,0
"64",6,7,"Con",1,"13/04/2025","D","24/03/2025",20,0
"65",6,8,"Con",1,"13/04/2025","D","24/03/2025",20,0
"66",6,9,"Con",1,"13/04/2025","D","24/03/2025",20,0
"67",6,10,"Con",1,"13/04/2025","D","24/03/2025",20,0
"68",6,11,"Con",1,"13/04/2025","D","24/03/2025",20,0
"69",6,12,"Con",1,"13/04/2025","D","24/03/2025",20,0
"70",6,13,"Con",1,"13/04/2025","D","24/03/2025",20,0
"71",6,14,"Con",1,"13/04/2025","D","24/03/2025",20,0
"72",6,15,"Con",1,"13/04/2025","D","24/03/2025",20,0
"73",6,16,"Con",1,"13/04/2025","D","24/03/2025",20,0
"74",6,17,"Con",1,"13/04/2025","D","24/03/2025",20,0
"75",6,18,"Con",1,"13/04/2025","D","24/03/2025",20,0
"76",6,19,"Con",1,"13/04/2025","D","24/03/2025",20,0
"77",6,20,"Con",1,"13/04/2025","D","24/03/2025",20,1
"78",7,1,"Con",1,"13/04/2025","D","24/03/2025",20,0
"79",7,2,"Con",1,"13/04/2025","D","24/03/2025",20,0
"80",7,3,"Con",1,NA,"D",NA,NA,0
"81",7,4,"Con",1,"13/04/2025","D","24/03/2025",20,0
"82",7,5,"Con",1,NA,"D",NA,NA,0
"83",7,6,"Con",1,"13/04/2025","D","24/03/2025",20,0
"84",7,7,"Con",1,"13/04/2025","D","24/03/2025",20,0
"85",7,8,"Con",1,"13/04/2025","D","24/03/2025",20,0
"86",7,9,"Con",1,"13/04/2025","D","24/03/2025",20,0
"87",7,10,"Con",1,"13/04/2025","D","24/03/2025",20,0
"88",7,11,"Con",1,"13/04/2025","D","24/03/2025",20,0
"89",7,12,"Con",1,"13/04/2025","D","24/03/2025",20,0
"90",7,13,"Con",1,"13/04/2025","D","24/03/2025",20,0
"91",7,14,"Con",1,"13/04/2025","D","24/03/2025",20,0
"92",7,15,"Con",1,"13/04/2025","D","24/03/2025",20,0
"93",7,16,"Con",1,"13/04/2025","D","24/03/2025",20,0
"94",7,17,"Con",1,"13/04/2025","D","24/03/2025",20,0
"95",7,18,"Con",1,"13/04/2025","D","24/03/2025",20,0
"96",7,19,"Con",1,"13/04/2025","D","24/03/2025",20,0
"97",7,20,"Con",1,"13/04/2025","D","24/03/2025",20,1
"98",8,1,"Con",1,"14/04/2025","D","24/03/2025",21,0
"99",8,2,"Con",1,"14/04/2025","D","24/03/2025",21,0
"100",8,3,"Con",1,NA,"D",NA,NA,0
"101",8,4,"Con",1,"14/04/2025","D","24/03/2025",21,0
"102",8,5,"Con",1,NA,"D",NA,NA,0
"103",8,6,"Con",1,"14/04/2025","D","24/03/2025",21,0
"104",8,7,"Con",1,"14/04/2025","D","24/03/2025",21,0
"105",8,8,"Con",1,"14/04/2025","D","24/03/2025",21,0
"106",8,9,"Con",1,"14/04/2025","D","24/03/2025",21,0
"107",8,10,"Con",1,"14/04/2025","D","24/03/2025",21,0
"108",8,11,"Con",1,"14/04/2025","D","24/03/2025",21,0
"109",8,12,"Con",1,"14/04/2025","D","24/03/2025",21,0
"110",8,13,"Con",1,"14/04/2025","D","24/03/2025",21,0
"111",8,14,"Con",1,"14/04/2025","D","24/03/2025",21,0
"112",8,15,"Con",1,"14/04/2025","D","24/03/2025",21,0
"113",8,16,"Con",1,"14/04/2025","D","24/03/2025",21,0
"114",8,17,"Con",1,"14/04/2025","D","24/03/2025",21,0
"115",8,18,"Con",1,"14/04/2025","D","24/03/2025",21,0
"116",8,19,"Con",1,"14/04/2025","D","24/03/2025",21,0
"117",8,20,"Con",1,"14/04/2025","D","24/03/2025",21,0
"118",8,21,"Con",1,"14/04/2025","D","24/03/2025",21,1
"119",9,1,"Con",1,"15/04/2025","D","24/03/2025",22,0
"120",9,2,"Con",1,"15/04/2025","D","24/03/2025",22,0
"121",9,3,"Con",1,NA,"D",NA,NA,0
"122",9,4,"Con",1,"15/04/2025","D","24/03/2025",22,0
"123",9,5,"Con",1,NA,"D",NA,NA,0
"124",9,6,"Con",1,"15/04/2025","D","24/03/2025",22,0
"125",9,7,"Con",1,"15/04/2025","D","24/03/2025",22,0
"126",9,8,"Con",1,"15/04/2025","D","24/03/2025",22,0
"127",9,9,"Con",1,"15/04/2025","D","24/03/2025",22,0
"128",9,10,"Con",1,"15/04/2025","D","24/03/2025",22,0
"129",9,11,"Con",1,"15/04/2025","D","24/03/2025",22,0
"130",9,12,"Con",1,"15/04/2025","D","24/03/2025",22,0
"131",9,13,"Con",1,"15/04/2025","D","24/03/2025",22,0
"132",9,14,"Con",1,"15/04/2025","D","24/03/2025",22,0
"133",9,15,"Con",1,"15/04/2025","D","24/03/2025",22,0
"134",9,16,"Con",1,"15/04/2025","D","24/03/2025",22,0
"135",9,17,"Con",1,"15/04/2025","D","24/03/2025",22,0
"136",9,18,"Con",1,"15/04/2025","D","24/03/2025",22,0
"137",9,19,"Con",1,"15/04/2025","D","24/03/2025",22,0
"138",9,20,"Con",1,"15/04/2025","D","24/03/2025",22,0
"139",9,21,"Con",1,"15/04/2025","D","24/03/2025",22,0
"140",9,22,"Con",1,"15/04/2025","D","24/03/2025",22,1
"141",10,1,"Con",1,"16/04/2025","D","24/03/2025",23,0
"142",10,2,"Con",1,"16/04/2025","D","24/03/2025",23,0
"143",10,3,"Con",1,NA,"D",NA,NA,0
"144",10,4,"Con",1,"16/04/2025","D","24/03/2025",23,0
"145",10,5,"Con",1,NA,"D",NA,NA,0
"146",10,6,"Con",1,"16/04/2025","D","24/03/2025",23,0
"147",10,7,"Con",1,"16/04/2025","D","24/03/2025",23,0
"148",10,8,"Con",1,"16/04/2025","D","24/03/2025",23,0
"149",10,9,"Con",1,"16/04/2025","D","24/03/2025",23,0
"150",10,10,"Con",1,"16/04/2025","D","24/03/2025",23,0
"151",10,11,"Con",1,"16/04/2025","D","24/03/2025",23,0
"152",10,12,"Con",1,"16/04/2025","D","24/03/2025",23,0
"153",10,13,"Con",1,"16/04/2025","D","24/03/2025",23,0
"154",10,14,"Con",1,"16/04/2025","D","24/03/2025",23,0
"155",10,15,"Con",1,"16/04/2025","D","24/03/2025",23,0
"156",10,16,"Con",1,"16/04/2025","D","24/03/2025",23,0
"157",10,17,"Con",1,"16/04/2025","D","24/03/2025",23,0
"158",10,18,"Con",1,"16/04/2025","D","24/03/2025",23,0
"159",10,19,"Con",1,"16/04/2025","D","24/03/2025",23,0
"160",10,20,"Con",1,"16/04/2025","D","24/03/2025",23,0
"161",10,21,"Con",1,"16/04/2025","D","24/03/2025",23,0
"162",10,22,"Con",1,"16/04/2025","D","24/03/2025",23,0
"163",10,23,"Con",1,"16/04/2025","D","24/03/2025",23,1
"164",15,1,"Con",2,"12/04/2025","D","24/03/2025",19,0
"165",15,2,"Con",2,"12/04/2025","D","24/03/2025",19,0
"166",15,3,"Con",2,NA,"D",NA,NA,0
"167",15,4,"Con",2,"12/04/2025","D","24/03/2025",19,0
"168",15,5,"Con",2,NA,"D",NA,NA,0
"169",15,6,"Con",2,"12/04/2025","D","24/03/2025",19,0
"170",15,7,"Con",2,"12/04/2025","D","24/03/2025",19,0
"171",15,8,"Con",2,"12/04/2025","D","24/03/2025",19,0
"172",15,9,"Con",2,"12/04/2025","D","24/03/2025",19,0
"173",15,10,"Con",2,"12/04/2025","D","24/03/2025",19,0
"174",15,11,"Con",2,"12/04/2025","D","24/03/2025",19,0
"175",15,12,"Con",2,"12/04/2025","D","24/03/2025",19,0
"176",15,13,"Con",2,"12/04/2025","D","24/03/2025",19,0
"177",15,14,"Con",2,"12/04/2025","D","24/03/2025",19,0
"178",15,15,"Con",2,"12/04/2025","D","24/03/2025",19,0
"179",15,16,"Con",2,"12/04/2025","D","24/03/2025",19,0
"180",15,17,"Con",2,"12/04/2025","D","24/03/2025",19,0
"181",15,18,"Con",2,"12/04/2025","D","24/03/2025",19,0
"182",15,19,"Con",2,"12/04/2025","D","24/03/2025",19,1
"183",16,1,"Con",2,"13/04/2025","D","24/03/2025",20,0
"184",16,2,"Con",2,"13/04/2025","D","24/03/2025",20,0
"185",16,3,"Con",2,NA,"D",NA,NA,0
"186",16,4,"Con",2,"13/04/2025","D","24/03/2025",20,0
"187",16,5,"Con",2,NA,"D",NA,NA,0
"188",16,6,"Con",2,"13/04/2025","D","24/03/2025",20,0
"189",16,7,"Con",2,"13/04/2025","D","24/03/2025",20,0
"190",16,8,"Con",2,"13/04/2025","D","24/03/2025",20,0
"191",16,9,"Con",2,"13/04/2025","D","24/03/2025",20,0
"192",16,10,"Con",2,"13/04/2025","D","24/03/2025",20,0
"193",16,11,"Con",2,"13/04/2025","D","24/03/2025",20,0
"194",16,12,"Con",2,"13/04/2025","D","24/03/2025",20,0
"195",16,13,"Con",2,"13/04/2025","D","24/03/2025",20,0
"196",16,14,"Con",2,"13/04/2025","D","24/03/2025",20,0
"197",16,15,"Con",2,"13/04/2025","D","24/03/2025",20,0
"198",16,16,"Con",2,"13/04/2025","D","24/03/2025",20,0
"199",16,17,"Con",2,"13/04/2025","D","24/03/2025",20,0
"200",16,18,"Con",2,"13/04/2025","D","24/03/2025",20,0
"201",16,19,"Con",2,"13/04/2025","D","24/03/2025",20,0
"202",16,20,"Con",2,"13/04/2025","D","24/03/2025",20,1
"203",17,1,"Con",2,"14/04/2025","D","24/03/2025",21,0
"204",17,2,"Con",2,"14/04/2025","D","24/03/2025",21,0
"205",17,3,"Con",2,NA,"D",NA,NA,0
"206",17,4,"Con",2,"14/04/2025","D","24/03/2025",21,0
"207",17,5,"Con",2,NA,"D",NA,NA,0
"208",17,6,"Con",2,"14/04/2025","D","24/03/2025",21,0
"209",17,7,"Con",2,"14/04/2025","D","24/03/2025",21,0
"210",17,8,"Con",2,"14/04/2025","D","24/03/2025",21,0
"211",17,9,"Con",2,"14/04/2025","D","24/03/2025",21,0
"212",17,10,"Con",2,"14/04/2025","D","24/03/2025",21,0
"213",17,11,"Con",2,"14/04/2025","D","24/03/2025",21,0
"214",17,12,"Con",2,"14/04/2025","D","24/03/2025",21,0
"215",17,13,"Con",2,"14/04/2025","D","24/03/2025",21,0
"216",17,14,"Con",2,"14/04/2025","D","24/03/2025",21,0
"217",17,15,"Con",2,"14/04/2025","D","24/03/2025",21,0
"218",17,16,"Con",2,"14/04/2025","D","24/03/2025",21,0
"219",17,17,"Con",2,"14/04/2025","D","24/03/2025",21,0
"220",17,18,"Con",2,"14/04/2025","D","24/03/2025",21,0
"221",17,19,"Con",2,"14/04/2025","D","24/03/2025",21,0
"222",17,20,"Con",2,"14/04/2025","D","24/03/2025",21,0
"223",17,21,"Con",2,"14/04/2025","D","24/03/2025",21,1
"224",18,1,"Con",2,"16/04/2025","D","24/03/2025",23,0
"225",18,2,"Con",2,"16/04/2025","D","24/03/2025",23,0
"226",18,3,"Con",2,NA,"D",NA,NA,0
"227",18,4,"Con",2,"16/04/2025","D","24/03/2025",23,0
"228",18,5,"Con",2,NA,"D",NA,NA,0
"229",18,6,"Con",2,"16/04/2025","D","24/03/2025",23,0
"230",18,7,"Con",2,"16/04/2025","D","24/03/2025",23,0
"231",18,8,"Con",2,"16/04/2025","D","24/03/2025",23,0
"232",18,9,"Con",2,"16/04/2025","D","24/03/2025",23,0
"233",18,10,"Con",2,"16/04/2025","D","24/03/2025",23,0
"234",18,11,"Con",2,"16/04/2025","D","24/03/2025",23,0
"235",18,12,"Con",2,"16/04/2025","D","24/03/2025",23,0
"236",18,13,"Con",2,"16/04/2025","D","24/03/2025",23,0
"237",18,14,"Con",2,"16/04/2025","D","24/03/2025",23,0
"238",18,15,"Con",2,"16/04/2025","D","24/03/2025",23,0
"239",18,16,"Con",2,"16/04/2025","D","24/03/2025",23,0
"240",18,17,"Con",2,"16/04/2025","D","24/03/2025",23,0
"241",18,18,"Con",2,"16/04/2025","D","24/03/2025",23,0
"242",18,19,"Con",2,"16/04/2025","D","24/03/2025",23,0
"243",18,20,"Con",2,"16/04/2025","D","24/03/2025",23,0
"244",18,21,"Con",2,"16/04/2025","D","24/03/2025",23,0
"245",18,22,"Con",2,"16/04/2025","D","24/03/2025",23,0
"246",18,23,"Con",2,"16/04/2025","D","24/03/2025",23,1
"247",19,1,"Con",2,"18/04/2025","D","24/03/2025",25,0
"248",19,2,"Con",2,"18/04/2025","D","24/03/2025",25,0
"249",19,3,"Con",2,NA,"D",NA,NA,0
"250",19,4,"Con",2,"18/04/2025","D","24/03/2025",25,0
"251",19,5,"Con",2,NA,"D",NA,NA,0
"252",19,6,"Con",2,"18/04/2025","D","24/03/2025",25,0
"253",19,7,"Con",2,"18/04/2025","D","24/03/2025",25,0
"254",19,8,"Con",2,"18/04/2025","D","24/03/2025",25,0
"255",19,9,"Con",2,"18/04/2025","D","24/03/2025",25,0
"256",19,10,"Con",2,"18/04/2025","D","24/03/2025",25,0
"257",19,11,"Con",2,"18/04/2025","D","24/03/2025",25,0
"258",19,12,"Con",2,"18/04/2025","D","24/03/2025",25,0
"259",19,13,"Con",2,"18/04/2025","D","24/03/2025",25,0
"260",19,14,"Con",2,"18/04/2025","D","24/03/2025",25,0
"261",19,15,"Con",2,"18/04/2025","D","24/03/2025",25,0
"262",19,16,"Con",2,"18/04/2025","D","24/03/2025",25,0
"263",19,17,"Con",2,"18/04/2025","D","24/03/2025",25,0
"264",19,18,"Con",2,"18/04/2025","D","24/03/2025",25,0
"265",19,19,"Con",2,"18/04/2025","D","24/03/2025",25,0
"266",19,20,"Con",2,"18/04/2025","D","24/03/2025",25,0
"267",19,21,"Con",2,"18/04/2025","D","24/03/2025",25,0
"268",19,22,"Con",2,"18/04/2025","D","24/03/2025",25,0
"269",19,23,"Con",2,"18/04/2025","D","24/03/2025",25,0
"270",19,24,"Con",2,"18/04/2025","D","24/03/2025",25,0
"271",19,25,"Con",2,"18/04/2025","D","24/03/2025",25,1
"272",20,1,"Con",2,"18/04/2025","D","24/03/2025",25,0
"273",20,2,"Con",2,"18/04/2025","D","24/03/2025",25,0
"274",20,3,"Con",2,NA,"D",NA,NA,0
"275",20,4,"Con",2,"18/04/2025","D","24/03/2025",25,0
"276",20,5,"Con",2,NA,"D",NA,NA,0
"277",20,6,"Con",2,"18/04/2025","D","24/03/2025",25,0
"278",20,7,"Con",2,"18/04/2025","D","24/03/2025",25,0
"279",20,8,"Con",2,"18/04/2025","D","24/03/2025",25,0
"280",20,9,"Con",2,"18/04/2025","D","24/03/2025",25,0
"281",20,10,"Con",2,"18/04/2025","D","24/03/2025",25,0
"282",20,11,"Con",2,"18/04/2025","D","24/03/2025",25,0
"283",20,12,"Con",2,"18/04/2025","D","24/03/2025",25,0
"284",20,13,"Con",2,"18/04/2025","D","24/03/2025",25,0
"285",20,14,"Con",2,"18/04/2025","D","24/03/2025",25,0
"286",20,15,"Con",2,"18/04/2025","D","24/03/2025",25,0
"287",20,16,"Con",2,"18/04/2025","D","24/03/2025",25,0
"288",20,17,"Con",2,"18/04/2025","D","24/03/2025",25,0
"289",20,18,"Con",2,"18/04/2025","D","24/03/2025",25,0
"290",20,19,"Con",2,"18/04/2025","D","24/03/2025",25,0
"291",20,20,"Con",2,"18/04/2025","D","24/03/2025",25,0
"292",20,21,"Con",2,"18/04/2025","D","24/03/2025",25,0
"293",20,22,"Con",2,"18/04/2025","D","24/03/2025",25,0
"294",20,23,"Con",2,"18/04/2025","D","24/03/2025",25,0
"295",20,24,"Con",2,"18/04/2025","D","24/03/2025",25,0
"296",20,25,"Con",2,"18/04/2025","D","24/03/2025",25,1
"297",22,1,"Con",3,"09/04/2025","D","24/03/2025",16,0
"298",22,2,"Con",3,"09/04/2025","D","24/03/2025",16,0
"299",22,3,"Con",3,NA,"D",NA,NA,0
"300",22,4,"Con",3,"09/04/2025","D","24/03/2025",16,0
"301",22,5,"Con",3,NA,"D",NA,NA,0
"302",22,6,"Con",3,"09/04/2025","D","24/03/2025",16,0
"303",22,7,"Con",3,"09/04/2025","D","24/03/2025",16,0
"304",22,8,"Con",3,"09/04/2025","D","24/03/2025",16,0
"305",22,9,"Con",3,"09/04/2025","D","24/03/2025",16,0
"306",22,10,"Con",3,"09/04/2025","D","24/03/2025",16,0
"307",22,11,"Con",3,"09/04/2025","D","24/03/2025",16,0
"308",22,12,"Con",3,"09/04/2025","D","24/03/2025",16,0
"309",22,13,"Con",3,"09/04/2025","D","24/03/2025",16,0
"310",22,14,"Con",3,"09/04/2025","D","24/03/2025",16,0
"311",22,15,"Con",3,"09/04/2025","D","24/03/2025",16,0
"312",22,16,"Con",3,"09/04/2025","D","24/03/2025",16,1
"313",23,1,"Con",3,"10/04/2025","D","24/03/2025",17,0
"314",23,2,"Con",3,"10/04/2025","D","24/03/2025",17,0
"315",23,3,"Con",3,NA,"D",NA,NA,0
"316",23,4,"Con",3,"10/04/2025","D","24/03/2025",17,0
"317",23,5,"Con",3,NA,"D",NA,NA,0
"318",23,6,"Con",3,"10/04/2025","D","24/03/2025",17,0
"319",23,7,"Con",3,"10/04/2025","D","24/03/2025",17,0
"320",23,8,"Con",3,"10/04/2025","D","24/03/2025",17,0
"321",23,9,"Con",3,"10/04/2025","D","24/03/2025",17,0
"322",23,10,"Con",3,"10/04/2025","D","24/03/2025",17,0
"323",23,11,"Con",3,"10/04/2025","D","24/03/2025",17,0
"324",23,12,"Con",3,"10/04/2025","D","24/03/2025",17,0
"325",23,13,"Con",3,"10/04/2025","D","24/03/2025",17,0
"326",23,14,"Con",3,"10/04/2025","D","24/03/2025",17,0
"327",23,15,"Con",3,"10/04/2025","D","24/03/2025",17,0
"328",23,16,"Con",3,"10/04/2025","D","24/03/2025",17,0
"329",23,17,"Con",3,"10/04/2025","D","24/03/2025",17,1
"330",24,1,"Con",3,"12/04/2025","D","24/03/2025",19,0
"331",24,2,"Con",3,"12/04/2025","D","24/03/2025",19,0
"332",24,3,"Con",3,NA,"D",NA,NA,0
"333",24,4,"Con",3,"12/04/2025","D","24/03/2025",19,0
"334",24,5,"Con",3,NA,"D",NA,NA,0
"335",24,6,"Con",3,"12/04/2025","D","24/03/2025",19,0
"336",24,7,"Con",3,"12/04/2025","D","24/03/2025",19,0
"337",24,8,"Con",3,"12/04/2025","D","24/03/2025",19,0
"338",24,9,"Con",3,"12/04/2025","D","24/03/2025",19,0
"339",24,10,"Con",3,"12/04/2025","D","24/03/2025",19,0
"340",24,11,"Con",3,"12/04/2025","D","24/03/2025",19,0
"341",24,12,"Con",3,"12/04/2025","D","24/03/2025",19,0
"342",24,13,"Con",3,"12/04/2025","D","24/03/2025",19,0
"343",24,14,"Con",3,"12/04/2025","D","24/03/2025",19,0
"344",24,15,"Con",3,"12/04/2025","D","24/03/2025",19,0
"345",24,16,"Con",3,"12/04/2025","D","24/03/2025",19,0
"346",24,17,"Con",3,"12/04/2025","D","24/03/2025",19,0
"347",24,18,"Con",3,"12/04/2025","D","24/03/2025",19,0
"348",24,19,"Con",3,"12/04/2025","D","24/03/2025",19,1
"349",25,1,"Con",3,"12/04/2025","D","24/03/2025",19,0
"350",25,2,"Con",3,"12/04/2025","D","24/03/2025",19,0
"351",25,3,"Con",3,NA,"D",NA,NA,0
"352",25,4,"Con",3,"12/04/2025","D","24/03/2025",19,0
"353",25,5,"Con",3,NA,"D",NA,NA,0
"354",25,6,"Con",3,"12/04/2025","D","24/03/2025",19,0
"355",25,7,"Con",3,"12/04/2025","D","24/03/2025",19,0
"356",25,8,"Con",3,"12/04/2025","D","24/03/2025",19,0
"357",25,9,"Con",3,"12/04/2025","D","24/03/2025",19,0
"358",25,10,"Con",3,"12/04/2025","D","24/03/2025",19,0
"359",25,11,"Con",3,"12/04/2025","D","24/03/2025",19,0
"360",25,12,"Con",3,"12/04/2025","D","24/03/2025",19,0
"361",25,13,"Con",3,"12/04/2025","D","24/03/2025",19,0
"362",25,14,"Con",3,"12/04/2025","D","24/03/2025",19,0
"363",25,15,"Con",3,"12/04/2025","D","24/03/2025",19,0
"364",25,16,"Con",3,"12/04/2025","D","24/03/2025",19,0
"365",25,17,"Con",3,"12/04/2025","D","24/03/2025",19,0
"366",25,18,"Con",3,"12/04/2025","D","24/03/2025",19,0
"367",25,19,"Con",3,"12/04/2025","D","24/03/2025",19,1
"368",26,1,"Con",3,"13/04/2025","D","24/03/2025",20,0
"369",26,2,"Con",3,"13/04/2025","D","24/03/2025",20,0
"370",26,3,"Con",3,NA,"D",NA,NA,0
"371",26,4,"Con",3,"13/04/2025","D","24/03/2025",20,0
"372",26,5,"Con",3,NA,"D",NA,NA,0
"373",26,6,"Con",3,"13/04/2025","D","24/03/2025",20,0
"374",26,7,"Con",3,"13/04/2025","D","24/03/2025",20,0
"375",26,8,"Con",3,"13/04/2025","D","24/03/2025",20,0
"376",26,9,"Con",3,"13/04/2025","D","24/03/2025",20,0
"377",26,10,"Con",3,"13/04/2025","D","24/03/2025",20,0
"378",26,11,"Con",3,"13/04/2025","D","24/03/2025",20,0
"379",26,12,"Con",3,"13/04/2025","D","24/03/2025",20,0
"380",26,13,"Con",3,"13/04/2025","D","24/03/2025",20,0
"381",26,14,"Con",3,"13/04/2025","D","24/03/2025",20,0
"382",26,15,"Con",3,"13/04/2025","D","24/03/2025",20,0
"383",26,16,"Con",3,"13/04/2025","D","24/03/2025",20,0
"384",26,17,"Con",3,"13/04/2025","D","24/03/2025",20,0
"385",26,18,"Con",3,"13/04/2025","D","24/03/2025",20,0
"386",26,19,"Con",3,"13/04/2025","D","24/03/2025",20,0
"387",26,20,"Con",3,"13/04/2025","D","24/03/2025",20,1
"388",27,1,"Con",3,"16/04/2025","D","24/03/2025",23,0
"389",27,2,"Con",3,"16/04/2025","D","24/03/2025",23,0
"390",27,3,"Con",3,NA,"D",NA,NA,0
"391",27,4,"Con",3,"16/04/2025","D","24/03/2025",23,0
"392",27,5,"Con",3,NA,"D",NA,NA,0
"393",27,6,"Con",3,"16/04/2025","D","24/03/2025",23,0
"394",27,7,"Con",3,"16/04/2025","D","24/03/2025",23,0
"395",27,8,"Con",3,"16/04/2025","D","24/03/2025",23,0
"396",27,9,"Con",3,"16/04/2025","D","24/03/2025",23,0
"397",27,10,"Con",3,"16/04/2025","D","24/03/2025",23,0
"398",27,11,"Con",3,"16/04/2025","D","24/03/2025",23,0
"399",27,12,"Con",3,"16/04/2025","D","24/03/2025",23,0
"400",27,13,"Con",3,"16/04/2025","D","24/03/2025",23,0
"401",27,14,"Con",3,"16/04/2025","D","24/03/2025",23,0
"402",27,15,"Con",3,"16/04/2025","D","24/03/2025",23,0
"403",27,16,"Con",3,"16/04/2025","D","24/03/2025",23,0
"404",27,17,"Con",3,"16/04/2025","D","24/03/2025",23,0
"405",27,18,"Con",3,"16/04/2025","D","24/03/2025",23,0
"406",27,19,"Con",3,"16/04/2025","D","24/03/2025",23,0
"407",27,20,"Con",3,"16/04/2025","D","24/03/2025",23,0
"408",27,21,"Con",3,"16/04/2025","D","24/03/2025",23,0
"409",27,22,"Con",3,"16/04/2025","D","24/03/2025",23,0
"410",27,23,"Con",3,"16/04/2025","D","24/03/2025",23,1
"411",28,1,"Con",3,"17/04/2025","D","24/03/2025",24,0
"412",28,2,"Con",3,"17/04/2025","D","24/03/2025",24,0
"413",28,3,"Con",3,NA,"D",NA,NA,0
"414",28,4,"Con",3,"17/04/2025","D","24/03/2025",24,0
"415",28,5,"Con",3,NA,"D",NA,NA,0
"416",28,6,"Con",3,"17/04/2025","D","24/03/2025",24,0
"417",28,7,"Con",3,"17/04/2025","D","24/03/2025",24,0
"418",28,8,"Con",3,"17/04/2025","D","24/03/2025",24,0
"419",28,9,"Con",3,"17/04/2025","D","24/03/2025",24,0
"420",28,10,"Con",3,"17/04/2025","D","24/03/2025",24,0
"421",28,11,"Con",3,"17/04/2025","D","24/03/2025",24,0
"422",28,12,"Con",3,"17/04/2025","D","24/03/2025",24,0
"423",28,13,"Con",3,"17/04/2025","D","24/03/2025",24,0
"424",28,14,"Con",3,"17/04/2025","D","24/03/2025",24,0
"425",28,15,"Con",3,"17/04/2025","D","24/03/2025",24,0
"426",28,16,"Con",3,"17/04/2025","D","24/03/2025",24,0
"427",28,17,"Con",3,"17/04/2025","D","24/03/2025",24,0
"428",28,18,"Con",3,"17/04/2025","D","24/03/2025",24,0
"429",28,19,"Con",3,"17/04/2025","D","24/03/2025",24,0
"430",28,20,"Con",3,"17/04/2025","D","24/03/2025",24,0
"431",28,21,"Con",3,"17/04/2025","D","24/03/2025",24,0
"432",28,22,"Con",3,"17/04/2025","D","24/03/2025",24,0
"433",28,23,"Con",3,"17/04/2025","D","24/03/2025",24,0
"434",28,24,"Con",3,"17/04/2025","D","24/03/2025",24,1
"435",29,1,"Con",3,"18/04/2025","D","24/03/2025",25,0
"436",29,2,"Con",3,"18/04/2025","D","24/03/2025",25,0
"437",29,3,"Con",3,NA,"D",NA,NA,0
"438",29,4,"Con",3,"18/04/2025","D","24/03/2025",25,0
"439",29,5,"Con",3,NA,"D",NA,NA,0
"440",29,6,"Con",3,"18/04/2025","D","24/03/2025",25,0
"441",29,7,"Con",3,"18/04/2025","D","24/03/2025",25,0
"442",29,8,"Con",3,"18/04/2025","D","24/03/2025",25,0
"443",29,9,"Con",3,"18/04/2025","D","24/03/2025",25,0
"444",29,10,"Con",3,"18/04/2025","D","24/03/2025",25,0
"445",29,11,"Con",3,"18/04/2025","D","24/03/2025",25,0
"446",29,12,"Con",3,"18/04/2025","D","24/03/2025",25,0
"447",29,13,"Con",3,"18/04/2025","D","24/03/2025",25,0
"448",29,14,"Con",3,"18/04/2025","D","24/03/2025",25,0
"449",29,15,"Con",3,"18/04/2025","D","24/03/2025",25,0
"450",29,16,"Con",3,"18/04/2025","D","24/03/2025",25,0
"451",29,17,"Con",3,"18/04/2025","D","24/03/2025",25,0
"452",29,18,"Con",3,"18/04/2025","D","24/03/2025",25,0
"453",29,19,"Con",3,"18/04/2025","D","24/03/2025",25,0
"454",29,20,"Con",3,"18/04/2025","D","24/03/2025",25,0
"455",29,21,"Con",3,"18/04/2025","D","24/03/2025",25,0
"456",29,22,"Con",3,"18/04/2025","D","24/03/2025",25,0
"457",29,23,"Con",3,"18/04/2025","D","24/03/2025",25,0
"458",29,24,"Con",3,"18/04/2025","D","24/03/2025",25,0
"459",29,25,"Con",3,"18/04/2025","D","24/03/2025",25,1
"460",30,1,"Con",3,"24/04/2025","D","24/03/2025",31,0
"461",30,2,"Con",3,"24/04/2025","D","24/03/2025",31,0
"462",30,3,"Con",3,NA,"D",NA,NA,0
"463",30,4,"Con",3,"24/04/2025","D","24/03/2025",31,0
"464",30,5,"Con",3,NA,"D",NA,NA,0
"465",30,6,"Con",3,"24/04/2025","D","24/03/2025",31,0
"466",30,7,"Con",3,"24/04/2025","D","24/03/2025",31,0
"467",30,8,"Con",3,"24/04/2025","D","24/03/2025",31,0
"468",30,9,"Con",3,"24/04/2025","D","24/03/2025",31,0
"469",30,10,"Con",3,"24/04/2025","D","24/03/2025",31,0
"470",30,11,"Con",3,"24/04/2025","D","24/03/2025",31,0
"471",30,12,"Con",3,"24/04/2025","D","24/03/2025",31,0
"472",30,13,"Con",3,"24/04/2025","D","24/03/2025",31,0
"473",30,14,"Con",3,"24/04/2025","D","24/03/2025",31,0
"474",30,15,"Con",3,"24/04/2025","D","24/03/2025",31,0
"475",30,16,"Con",3,"24/04/2025","D","24/03/2025",31,0
"476",30,17,"Con",3,"24/04/2025","D","24/03/2025",31,0
"477",30,18,"Con",3,"24/04/2025","D","24/03/2025",31,0
"478",30,19,"Con",3,"24/04/2025","D","24/03/2025",31,0
"479",30,20,"Con",3,"24/04/2025","D","24/03/2025",31,0
"480",30,21,"Con",3,"24/04/2025","D","24/03/2025",31,0
"481",30,22,"Con",3,"24/04/2025","D","24/03/2025",31,0
"482",30,23,"Con",3,"24/04/2025","D","24/03/2025",31,0
"483",30,24,"Con",3,"24/04/2025","D","24/03/2025",31,0
"484",30,25,"Con",3,"24/04/2025","D","24/03/2025",31,0
"485",30,26,"Con",3,"24/04/2025","D","24/03/2025",31,0
"486",30,27,"Con",3,"24/04/2025","D","24/03/2025",31,0
"487",30,28,"Con",3,NA,"D",NA,NA,0
"488",30,29,"Con",3,NA,"D",NA,NA,0
"489",30,30,"Con",3,NA,"D",NA,NA,0
"490",30,31,"Con",3,"24/04/2025","D","24/03/2025",31,1
"491",35,1,"Con",4,"09/04/2025","D","24/03/2025",16,0
"492",35,2,"Con",4,"09/04/2025","D","24/03/2025",16,0
"493",35,3,"Con",4,NA,"D",NA,NA,0
"494",35,4,"Con",4,"09/04/2025","D","24/03/2025",16,0
"495",35,5,"Con",4,NA,"D",NA,NA,0
"496",35,6,"Con",4,"09/04/2025","D","24/03/2025",16,0
"497",35,7,"Con",4,"09/04/2025","D","24/03/2025",16,0
"498",35,8,"Con",4,"09/04/2025","D","24/03/2025",16,0
"499",35,9,"Con",4,"09/04/2025","D","24/03/2025",16,0
"500",35,10,"Con",4,"09/04/2025","D","24/03/2025",16,0
"501",35,11,"Con",4,"09/04/2025","D","24/03/2025",16,0
"502",35,12,"Con",4,"09/04/2025","D","24/03/2025",16,0
"503",35,13,"Con",4,"09/04/2025","D","24/03/2025",16,0
"504",35,14,"Con",4,"09/04/2025","D","24/03/2025",16,0
"505",35,15,"Con",4,"09/04/2025","D","24/03/2025",16,0
"506",35,16,"Con",4,"09/04/2025","D","24/03/2025",16,1
"507",36,1,"Con",4,"09/04/2025","D","24/03/2025",16,0
"508",36,2,"Con",4,"09/04/2025","D","24/03/2025",16,0
"509",36,3,"Con",4,NA,"D",NA,NA,0
"510",36,4,"Con",4,"09/04/2025","D","24/03/2025",16,0
"511",36,5,"Con",4,NA,"D",NA,NA,0
"512",36,6,"Con",4,"09/04/2025","D","24/03/2025",16,0
"513",36,7,"Con",4,"09/04/2025","D","24/03/2025",16,0
"514",36,8,"Con",4,"09/04/2025","D","24/03/2025",16,0
"515",36,9,"Con",4,"09/04/2025","D","24/03/2025",16,0
"516",36,10,"Con",4,"09/04/2025","D","24/03/2025",16,0
"517",36,11,"Con",4,"09/04/2025","D","24/03/2025",16,0
"518",36,12,"Con",4,"09/04/2025","D","24/03/2025",16,0
"519",36,13,"Con",4,"09/04/2025","D","24/03/2025",16,0
"520",36,14,"Con",4,"09/04/2025","D","24/03/2025",16,0
"521",36,15,"Con",4,"09/04/2025","D","24/03/2025",16,0
"522",36,16,"Con",4,"09/04/2025","D","24/03/2025",16,1
"523",37,1,"Con",4,"10/04/2025","D","24/03/2025",17,0
"524",37,2,"Con",4,"10/04/2025","D","24/03/2025",17,0
"525",37,3,"Con",4,NA,"D",NA,NA,0
"526",37,4,"Con",4,"10/04/2025","D","24/03/2025",17,0
"527",37,5,"Con",4,NA,"D",NA,NA,0
"528",37,6,"Con",4,"10/04/2025","D","24/03/2025",17,0
"529",37,7,"Con",4,"10/04/2025","D","24/03/2025",17,0
"530",37,8,"Con",4,"10/04/2025","D","24/03/2025",17,0
"531",37,9,"Con",4,"10/04/2025","D","24/03/2025",17,0
"532",37,10,"Con",4,"10/04/2025","D","24/03/2025",17,0
"533",37,11,"Con",4,"10/04/2025","D","24/03/2025",17,0
"534",37,12,"Con",4,"10/04/2025","D","24/03/2025",17,0
"535",37,13,"Con",4,"10/04/2025","D","24/03/2025",17,0
"536",37,14,"Con",4,"10/04/2025","D","24/03/2025",17,0
"537",37,15,"Con",4,"10/04/2025","D","24/03/2025",17,0
"538",37,16,"Con",4,"10/04/2025","D","24/03/2025",17,0
"539",37,17,"Con",4,"10/04/2025","D","24/03/2025",17,1
"540",38,1,"Con",4,"12/04/2025","D","24/03/2025",19,0
"541",38,2,"Con",4,"12/04/2025","D","24/03/2025",19,0
"542",38,3,"Con",4,NA,"D",NA,NA,0
"543",38,4,"Con",4,"12/04/2025","D","24/03/2025",19,0
"544",38,5,"Con",4,NA,"D",NA,NA,0
"545",38,6,"Con",4,"12/04/2025","D","24/03/2025",19,0
"546",38,7,"Con",4,"12/04/2025","D","24/03/2025",19,0
"547",38,8,"Con",4,"12/04/2025","D","24/03/2025",19,0
"548",38,9,"Con",4,"12/04/2025","D","24/03/2025",19,0
"549",38,10,"Con",4,"12/04/2025","D","24/03/2025",19,0
"550",38,11,"Con",4,"12/04/2025","D","24/03/2025",19,0
"551",38,12,"Con",4,"12/04/2025","D","24/03/2025",19,0
"552",38,13,"Con",4,"12/04/2025","D","24/03/2025",19,0
"553",38,14,"Con",4,"12/04/2025","D","24/03/2025",19,0
"554",38,15,"Con",4,"12/04/2025","D","24/03/2025",19,0
"555",38,16,"Con",4,"12/04/2025","D","24/03/2025",19,0
"556",38,17,"Con",4,"12/04/2025","D","24/03/2025",19,0
"557",38,18,"Con",4,"12/04/2025","D","24/03/2025",19,0
"558",38,19,"Con",4,"12/04/2025","D","24/03/2025",19,1
"559",39,1,"Con",4,"13/04/2025","D","24/03/2025",20,0
"560",39,2,"Con",4,"13/04/2025","D","24/03/2025",20,0
"561",39,3,"Con",4,NA,"D",NA,NA,0
"562",39,4,"Con",4,"13/04/2025","D","24/03/2025",20,0
"563",39,5,"Con",4,NA,"D",NA,NA,0
"564",39,6,"Con",4,"13/04/2025","D","24/03/2025",20,0
"565",39,7,"Con",4,"13/04/2025","D","24/03/2025",20,0
"566",39,8,"Con",4,"13/04/2025","D","24/03/2025",20,0
"567",39,9,"Con",4,"13/04/2025","D","24/03/2025",20,0
"568",39,10,"Con",4,"13/04/2025","D","24/03/2025",20,0
"569",39,11,"Con",4,"13/04/2025","D","24/03/2025",20,0
"570",39,12,"Con",4,"13/04/2025","D","24/03/2025",20,0
"571",39,13,"Con",4,"13/04/2025","D","24/03/2025",20,0
"572",39,14,"Con",4,"13/04/2025","D","24/03/2025",20,0
"573",39,15,"Con",4,"13/04/2025","D","24/03/2025",20,0
"574",39,16,"Con",4,"13/04/2025","D","24/03/2025",20,0
"575",39,17,"Con",4,"13/04/2025","D","24/03/2025",20,0
"576",39,18,"Con",4,"13/04/2025","D","24/03/2025",20,0
"577",39,19,"Con",4,"13/04/2025","D","24/03/2025",20,0
"578",39,20,"Con",4,"13/04/2025","D","24/03/2025",20,1
"579",40,1,"Con",4,"15/04/2025","D","24/03/2025",22,0
"580",40,2,"Con",4,"15/04/2025","D","24/03/2025",22,0
"581",40,3,"Con",4,NA,"D",NA,NA,0
"582",40,4,"Con",4,"15/04/2025","D","24/03/2025",22,0
"583",40,5,"Con",4,NA,"D",NA,NA,0
"584",40,6,"Con",4,"15/04/2025","D","24/03/2025",22,0
"585",40,7,"Con",4,"15/04/2025","D","24/03/2025",22,0
"586",40,8,"Con",4,"15/04/2025","D","24/03/2025",22,0
"587",40,9,"Con",4,"15/04/2025","D","24/03/2025",22,0
"588",40,10,"Con",4,"15/04/2025","D","24/03/2025",22,0
"589",40,11,"Con",4,"15/04/2025","D","24/03/2025",22,0
"590",40,12,"Con",4,"15/04/2025","D","24/03/2025",22,0
"591",40,13,"Con",4,"15/04/2025","D","24/03/2025",22,0
"592",40,14,"Con",4,"15/04/2025","D","24/03/2025",22,0
"593",40,15,"Con",4,"15/04/2025","D","24/03/2025",22,0
"594",40,16,"Con",4,"15/04/2025","D","24/03/2025",22,0
"595",40,17,"Con",4,"15/04/2025","D","24/03/2025",22,0
"596",40,18,"Con",4,"15/04/2025","D","24/03/2025",22,0
"597",40,19,"Con",4,"15/04/2025","D","24/03/2025",22,0
"598",40,20,"Con",4,"15/04/2025","D","24/03/2025",22,0
"599",40,21,"Con",4,"15/04/2025","D","24/03/2025",22,0
"600",40,22,"Con",4,"15/04/2025","D","24/03/2025",22,1
"601",43,1,"Con",5,"05/04/2025","D","24/03/2025",12,0
"602",43,2,"Con",5,"05/04/2025","D","24/03/2025",12,0
"603",43,3,"Con",5,NA,"D",NA,NA,0
"604",43,4,"Con",5,"05/04/2025","D","24/03/2025",12,0
"605",43,5,"Con",5,NA,"D",NA,NA,0
"606",43,6,"Con",5,"05/04/2025","D","24/03/2025",12,0
"607",43,7,"Con",5,"05/04/2025","D","24/03/2025",12,0
"608",43,8,"Con",5,"05/04/2025","D","24/03/2025",12,0
"609",43,9,"Con",5,"05/04/2025","D","24/03/2025",12,0
"610",43,10,"Con",5,"05/04/2025","D","24/03/2025",12,0
"611",43,11,"Con",5,"05/04/2025","D","24/03/2025",12,0
"612",43,12,"Con",5,"05/04/2025","D","24/03/2025",12,1
"613",44,1,"Con",5,"09/04/2025","D","24/03/2025",16,0
"614",44,2,"Con",5,"09/04/2025","D","24/03/2025",16,0
"615",44,3,"Con",5,NA,"D",NA,NA,0
"616",44,4,"Con",5,"09/04/2025","D","24/03/2025",16,0
"617",44,5,"Con",5,NA,"D",NA,NA,0
"618",44,6,"Con",5,"09/04/2025","D","24/03/2025",16,0
"619",44,7,"Con",5,"09/04/2025","D","24/03/2025",16,0
"620",44,8,"Con",5,"09/04/2025","D","24/03/2025",16,0
"621",44,9,"Con",5,"09/04/2025","D","24/03/2025",16,0
"622",44,10,"Con",5,"09/04/2025","D","24/03/2025",16,0
"623",44,11,"Con",5,"09/04/2025","D","24/03/2025",16,0
"624",44,12,"Con",5,"09/04/2025","D","24/03/2025",16,0
"625",44,13,"Con",5,"09/04/2025","D","24/03/2025",16,0
"626",44,14,"Con",5,"09/04/2025","D","24/03/2025",16,0
"627",44,15,"Con",5,"09/04/2025","D","24/03/2025",16,0
"628",44,16,"Con",5,"09/04/2025","D","24/03/2025",16,1
"629",45,1,"Con",5,"10/04/2025","D","24/03/2025",17,0
"630",45,2,"Con",5,"10/04/2025","D","24/03/2025",17,0
"631",45,3,"Con",5,NA,"D",NA,NA,0
"632",45,4,"Con",5,"10/04/2025","D","24/03/2025",17,0
"633",45,5,"Con",5,NA,"D",NA,NA,0
"634",45,6,"Con",5,"10/04/2025","D","24/03/2025",17,0
"635",45,7,"Con",5,"10/04/2025","D","24/03/2025",17,0
"636",45,8,"Con",5,"10/04/2025","D","24/03/2025",17,0
"637",45,9,"Con",5,"10/04/2025","D","24/03/2025",17,0
"638",45,10,"Con",5,"10/04/2025","D","24/03/2025",17,0
"639",45,11,"Con",5,"10/04/2025","D","24/03/2025",17,0
"640",45,12,"Con",5,"10/04/2025","D","24/03/2025",17,0
"641",45,13,"Con",5,"10/04/2025","D","24/03/2025",17,0
"642",45,14,"Con",5,"10/04/2025","D","24/03/2025",17,0
"643",45,15,"Con",5,"10/04/2025","D","24/03/2025",17,0
"644",45,16,"Con",5,"10/04/2025","D","24/03/2025",17,0
"645",45,17,"Con",5,"10/04/2025","D","24/03/2025",17,1
"646",46,1,"Con",5,"15/04/2025","D","24/03/2025",22,0
"647",46,2,"Con",5,"15/04/2025","D","24/03/2025",22,0
"648",46,3,"Con",5,NA,"D",NA,NA,0
"649",46,4,"Con",5,"15/04/2025","D","24/03/2025",22,0
"650",46,5,"Con",5,NA,"D",NA,NA,0
"651",46,6,"Con",5,"15/04/2025","D","24/03/2025",22,0
"652",46,7,"Con",5,"15/04/2025","D","24/03/2025",22,0
"653",46,8,"Con",5,"15/04/2025","D","24/03/2025",22,0
"654",46,9,"Con",5,"15/04/2025","D","24/03/2025",22,0
"655",46,10,"Con",5,"15/04/2025","D","24/03/2025",22,0
"656",46,11,"Con",5,"15/04/2025","D","24/03/2025",22,0
"657",46,12,"Con",5,"15/04/2025","D","24/03/2025",22,0
"658",46,13,"Con",5,"15/04/2025","D","24/03/2025",22,0
"659",46,14,"Con",5,"15/04/2025","D","24/03/2025",22,0
"660",46,15,"Con",5,"15/04/2025","D","24/03/2025",22,0
"661",46,16,"Con",5,"15/04/2025","D","24/03/2025",22,0
"662",46,17,"Con",5,"15/04/2025","D","24/03/2025",22,0
"663",46,18,"Con",5,"15/04/2025","D","24/03/2025",22,0
"664",46,19,"Con",5,"15/04/2025","D","24/03/2025",22,0
"665",46,20,"Con",5,"15/04/2025","D","24/03/2025",22,0
"666",46,21,"Con",5,"15/04/2025","D","24/03/2025",22,0
"667",46,22,"Con",5,"15/04/2025","D","24/03/2025",22,1
"668",47,1,"Con",5,"16/04/2025","D","24/03/2025",23,0
"669",47,2,"Con",5,"16/04/2025","D","24/03/2025",23,0
"670",47,3,"Con",5,NA,"D",NA,NA,0
"671",47,4,"Con",5,"16/04/2025","D","24/03/2025",23,0
"672",47,5,"Con",5,NA,"D",NA,NA,0
"673",47,6,"Con",5,"16/04/2025","D","24/03/2025",23,0
"674",47,7,"Con",5,"16/04/2025","D","24/03/2025",23,0
"675",47,8,"Con",5,"16/04/2025","D","24/03/2025",23,0
"676",47,9,"Con",5,"16/04/2025","D","24/03/2025",23,0
"677",47,10,"Con",5,"16/04/2025","D","24/03/2025",23,0
"678",47,11,"Con",5,"16/04/2025","D","24/03/2025",23,0
"679",47,12,"Con",5,"16/04/2025","D","24/03/2025",23,0
"680",47,13,"Con",5,"16/04/2025","D","24/03/2025",23,0
"681",47,14,"Con",5,"16/04/2025","D","24/03/2025",23,0
"682",47,15,"Con",5,"16/04/2025","D","24/03/2025",23,0
"683",47,16,"Con",5,"16/04/2025","D","24/03/2025",23,0
"684",47,17,"Con",5,"16/04/2025","D","24/03/2025",23,0
"685",47,18,"Con",5,"16/04/2025","D","24/03/2025",23,0
"686",47,19,"Con",5,"16/04/2025","D","24/03/2025",23,0
"687",47,20,"Con",5,"16/04/2025","D","24/03/2025",23,0
"688",47,21,"Con",5,"16/04/2025","D","24/03/2025",23,0
"689",47,22,"Con",5,"16/04/2025","D","24/03/2025",23,0
"690",47,23,"Con",5,"16/04/2025","D","24/03/2025",23,1
"691",48,1,"Con",5,"17/04/2025","D","24/03/2025",24,0
"692",48,2,"Con",5,"17/04/2025","D","24/03/2025",24,0
"693",48,3,"Con",5,NA,"D",NA,NA,0
"694",48,4,"Con",5,"17/04/2025","D","24/03/2025",24,0
"695",48,5,"Con",5,NA,"D",NA,NA,0
"696",48,6,"Con",5,"17/04/2025","D","24/03/2025",24,0
"697",48,7,"Con",5,"17/04/2025","D","24/03/2025",24,0
"698",48,8,"Con",5,"17/04/2025","D","24/03/2025",24,0
"699",48,9,"Con",5,"17/04/2025","D","24/03/2025",24,0
"700",48,10,"Con",5,"17/04/2025","D","24/03/2025",24,0
"701",48,11,"Con",5,"17/04/2025","D","24/03/2025",24,0
"702",48,12,"Con",5,"17/04/2025","D","24/03/2025",24,0
"703",48,13,"Con",5,"17/04/2025","D","24/03/2025",24,0
"704",48,14,"Con",5,"17/04/2025","D","24/03/2025",24,0
"705",48,15,"Con",5,"17/04/2025","D","24/03/2025",24,0
"706",48,16,"Con",5,"17/04/2025","D","24/03/2025",24,0
"707",48,17,"Con",5,"17/04/2025","D","24/03/2025",24,0
"708",48,18,"Con",5,"17/04/2025","D","24/03/2025",24,0
"709",48,19,"Con",5,"17/04/2025","D","24/03/2025",24,0
"710",48,20,"Con",5,"17/04/2025","D","24/03/2025",24,0
"711",48,21,"Con",5,"17/04/2025","D","24/03/2025",24,0
"712",48,22,"Con",5,"17/04/2025","D","24/03/2025",24,0
"713",48,23,"Con",5,"17/04/2025","D","24/03/2025",24,0
"714",48,24,"Con",5,"17/04/2025","D","24/03/2025",24,1
"715",49,1,"Con",5,"17/04/2025","D","24/03/2025",24,0
"716",49,2,"Con",5,"17/04/2025","D","24/03/2025",24,0
"717",49,3,"Con",5,NA,"D",NA,NA,0
"718",49,4,"Con",5,"17/04/2025","D","24/03/2025",24,0
"719",49,5,"Con",5,NA,"D",NA,NA,0
"720",49,6,"Con",5,"17/04/2025","D","24/03/2025",24,0
"721",49,7,"Con",5,"17/04/2025","D","24/03/2025",24,0
"722",49,8,"Con",5,"17/04/2025","D","24/03/2025",24,0
"723",49,9,"Con",5,"17/04/2025","D","24/03/2025",24,0
"724",49,10,"Con",5,"17/04/2025","D","24/03/2025",24,0
"725",49,11,"Con",5,"17/04/2025","D","24/03/2025",24,0
"726",49,12,"Con",5,"17/04/2025","D","24/03/2025",24,0
"727",49,13,"Con",5,"17/04/2025","D","24/03/2025",24,0
"728",49,14,"Con",5,"17/04/2025","D","24/03/2025",24,0
"729",49,15,"Con",5,"17/04/2025","D","24/03/2025",24,0
"730",49,16,"Con",5,"17/04/2025","D","24/03/2025",24,0
"731",49,17,"Con",5,"17/04/2025","D","24/03/2025",24,0
"732",49,18,"Con",5,"17/04/2025","D","24/03/2025",24,0
"733",49,19,"Con",5,"17/04/2025","D","24/03/2025",24,0
"734",49,20,"Con",5,"17/04/2025","D","24/03/2025",24,0
"735",49,21,"Con",5,"17/04/2025","D","24/03/2025",24,0
"736",49,22,"Con",5,"17/04/2025","D","24/03/2025",24,0
"737",49,23,"Con",5,"17/04/2025","D","24/03/2025",24,0
"738",49,24,"Con",5,"17/04/2025","D","24/03/2025",24,1
"739",50,1,"Con",5,"18/04/2025","D","24/03/2025",25,0
"740",50,2,"Con",5,"18/04/2025","D","24/03/2025",25,0
"741",50,3,"Con",5,NA,"D",NA,NA,0
"742",50,4,"Con",5,"18/04/2025","D","24/03/2025",25,0
"743",50,5,"Con",5,NA,"D",NA,NA,0
"744",50,6,"Con",5,"18/04/2025","D","24/03/2025",25,0
"745",50,7,"Con",5,"18/04/2025","D","24/03/2025",25,0
"746",50,8,"Con",5,"18/04/2025","D","24/03/2025",25,0
"747",50,9,"Con",5,"18/04/2025","D","24/03/2025",25,0
"748",50,10,"Con",5,"18/04/2025","D","24/03/2025",25,0
"749",50,11,"Con",5,"18/04/2025","D","24/03/2025",25,0
"750",50,12,"Con",5,"18/04/2025","D","24/03/2025",25,0
"751",50,13,"Con",5,"18/04/2025","D","24/03/2025",25,0
"752",50,14,"Con",5,"18/04/2025","D","24/03/2025",25,0
"753",50,15,"Con",5,"18/04/2025","D","24/03/2025",25,0
"754",50,16,"Con",5,"18/04/2025","D","24/03/2025",25,0
"755",50,17,"Con",5,"18/04/2025","D","24/03/2025",25,0
"756",50,18,"Con",5,"18/04/2025","D","24/03/2025",25,0
"757",50,19,"Con",5,"18/04/2025","D","24/03/2025",25,0
"758",50,20,"Con",5,"18/04/2025","D","24/03/2025",25,0
"759",50,21,"Con",5,"18/04/2025","D","24/03/2025",25,0
"760",50,22,"Con",5,"18/04/2025","D","24/03/2025",25,0
"761",50,23,"Con",5,"18/04/2025","D","24/03/2025",25,0
"762",50,24,"Con",5,"18/04/2025","D","24/03/2025",25,0
"763",50,25,"Con",5,"18/04/2025","D","24/03/2025",25,1
"764",53,1,"Con",6,"01/04/2025","D","24/03/2025",8,0
"765",53,2,"Con",6,"01/04/2025","D","24/03/2025",8,0
"766",53,3,"Con",6,NA,"D",NA,NA,0
"767",53,4,"Con",6,"01/04/2025","D","24/03/2025",8,0
"768",53,5,"Con",6,NA,"D",NA,NA,0
"769",53,6,"Con",6,"01/04/2025","D","24/03/2025",8,0
"770",53,7,"Con",6,"01/04/2025","D","24/03/2025",8,0
"771",53,8,"Con",6,"01/04/2025","D","24/03/2025",8,1
"772",55,1,"Con",6,"09/04/2025","D","24/03/2025",16,0
"773",55,2,"Con",6,"09/04/2025","D","24/03/2025",16,0
"774",55,3,"Con",6,NA,"D",NA,NA,0
"775",55,4,"Con",6,"09/04/2025","D","24/03/2025",16,0
"776",55,5,"Con",6,NA,"D",NA,NA,0
"777",55,6,"Con",6,"09/04/2025","D","24/03/2025",16,0
"778",55,7,"Con",6,"09/04/2025","D","24/03/2025",16,0
"779",55,8,"Con",6,"09/04/2025","D","24/03/2025",16,0
"780",55,9,"Con",6,"09/04/2025","D","24/03/2025",16,0
"781",55,10,"Con",6,"09/04/2025","D","24/03/2025",16,0
"782",55,11,"Con",6,"09/04/2025","D","24/03/2025",16,0
"783",55,12,"Con",6,"09/04/2025","D","24/03/2025",16,0
"784",55,13,"Con",6,"09/04/2025","D","24/03/2025",16,0
"785",55,14,"Con",6,"09/04/2025","D","24/03/2025",16,0
"786",55,15,"Con",6,"09/04/2025","D","24/03/2025",16,0
"787",55,16,"Con",6,"09/04/2025","D","24/03/2025",16,1
"788",56,1,"Con",6,"12/04/2025","D","24/03/2025",19,0
"789",56,2,"Con",6,"12/04/2025","D","24/03/2025",19,0
"790",56,3,"Con",6,NA,"D",NA,NA,0
"791",56,4,"Con",6,"12/04/2025","D","24/03/2025",19,0
"792",56,5,"Con",6,NA,"D",NA,NA,0
"793",56,6,"Con",6,"12/04/2025","D","24/03/2025",19,0
"794",56,7,"Con",6,"12/04/2025","D","24/03/2025",19,0
"795",56,8,"Con",6,"12/04/2025","D","24/03/2025",19,0
"796",56,9,"Con",6,"12/04/2025","D","24/03/2025",19,0
"797",56,10,"Con",6,"12/04/2025","D","24/03/2025",19,0
"798",56,11,"Con",6,"12/04/2025","D","24/03/2025",19,0
"799",56,12,"Con",6,"12/04/2025","D","24/03/2025",19,0
"800",56,13,"Con",6,"12/04/2025","D","24/03/2025",19,0
"801",56,14,"Con",6,"12/04/2025","D","24/03/2025",19,0
"802",56,15,"Con",6,"12/04/2025","D","24/03/2025",19,0
"803",56,16,"Con",6,"12/04/2025","D","24/03/2025",19,0
"804",56,17,"Con",6,"12/04/2025","D","24/03/2025",19,0
"805",56,18,"Con",6,"12/04/2025","D","24/03/2025",19,0
"806",56,19,"Con",6,"12/04/2025","D","24/03/2025",19,1
"807",57,1,"Con",6,"13/04/2025","D","24/03/2025",20,0
"808",57,2,"Con",6,"13/04/2025","D","24/03/2025",20,0
"809",57,3,"Con",6,NA,"D",NA,NA,0
"810",57,4,"Con",6,"13/04/2025","D","24/03/2025",20,0
"811",57,5,"Con",6,NA,"D",NA,NA,0
"812",57,6,"Con",6,"13/04/2025","D","24/03/2025",20,0
"813",57,7,"Con",6,"13/04/2025","D","24/03/2025",20,0
"814",57,8,"Con",6,"13/04/2025","D","24/03/2025",20,0
"815",57,9,"Con",6,"13/04/2025","D","24/03/2025",20,0
"816",57,10,"Con",6,"13/04/2025","D","24/03/2025",20,0
"817",57,11,"Con",6,"13/04/2025","D","24/03/2025",20,0
"818",57,12,"Con",6,"13/04/2025","D","24/03/2025",20,0
"819",57,13,"Con",6,"13/04/2025","D","24/03/2025",20,0
"820",57,14,"Con",6,"13/04/2025","D","24/03/2025",20,0
"821",57,15,"Con",6,"13/04/2025","D","24/03/2025",20,0
"822",57,16,"Con",6,"13/04/2025","D","24/03/2025",20,0
"823",57,17,"Con",6,"13/04/2025","D","24/03/2025",20,0
"824",57,18,"Con",6,"13/04/2025","D","24/03/2025",20,0
"825",57,19,"Con",6,"13/04/2025","D","24/03/2025",20,0
"826",57,20,"Con",6,"13/04/2025","D","24/03/2025",20,1
"827",58,1,"Con",6,"13/04/2025","D","24/03/2025",20,0
"828",58,2,"Con",6,"13/04/2025","D","24/03/2025",20,0
"829",58,3,"Con",6,NA,"D",NA,NA,0
"830",58,4,"Con",6,"13/04/2025","D","24/03/2025",20,0
"831",58,5,"Con",6,NA,"D",NA,NA,0
"832",58,6,"Con",6,"13/04/2025","D","24/03/2025",20,0
"833",58,7,"Con",6,"13/04/2025","D","24/03/2025",20,0
"834",58,8,"Con",6,"13/04/2025","D","24/03/2025",20,0
"835",58,9,"Con",6,"13/04/2025","D","24/03/2025",20,0
"836",58,10,"Con",6,"13/04/2025","D","24/03/2025",20,0
"837",58,11,"Con",6,"13/04/2025","D","24/03/2025",20,0
"838",58,12,"Con",6,"13/04/2025","D","24/03/2025",20,0
"839",58,13,"Con",6,"13/04/2025","D","24/03/2025",20,0
"840",58,14,"Con",6,"13/04/2025","D","24/03/2025",20,0
"841",58,15,"Con",6,"13/04/2025","D","24/03/2025",20,0
"842",58,16,"Con",6,"13/04/2025","D","24/03/2025",20,0
"843",58,17,"Con",6,"13/04/2025","D","24/03/2025",20,0
"844",58,18,"Con",6,"13/04/2025","D","24/03/2025",20,0
"845",58,19,"Con",6,"13/04/2025","D","24/03/2025",20,0
"846",58,20,"Con",6,"13/04/2025","D","24/03/2025",20,1
"847",59,1,"Con",6,"14/04/2025","D","24/03/2025",21,0
"848",59,2,"Con",6,"14/04/2025","D","24/03/2025",21,0
"849",59,3,"Con",6,NA,"D",NA,NA,0
"850",59,4,"Con",6,"14/04/2025","D","24/03/2025",21,0
"851",59,5,"Con",6,NA,"D",NA,NA,0
"852",59,6,"Con",6,"14/04/2025","D","24/03/2025",21,0
"853",59,7,"Con",6,"14/04/2025","D","24/03/2025",21,0
"854",59,8,"Con",6,"14/04/2025","D","24/03/2025",21,0
"855",59,9,"Con",6,"14/04/2025","D","24/03/2025",21,0
"856",59,10,"Con",6,"14/04/2025","D","24/03/2025",21,0
"857",59,11,"Con",6,"14/04/2025","D","24/03/2025",21,0
"858",59,12,"Con",6,"14/04/2025","D","24/03/2025",21,0
"859",59,13,"Con",6,"14/04/2025","D","24/03/2025",21,0
"860",59,14,"Con",6,"14/04/2025","D","24/03/2025",21,0
"861",59,15,"Con",6,"14/04/2025","D","24/03/2025",21,0
"862",59,16,"Con",6,"14/04/2025","D","24/03/2025",21,0
"863",59,17,"Con",6,"14/04/2025","D","24/03/2025",21,0
"864",59,18,"Con",6,"14/04/2025","D","24/03/2025",21,0
"865",59,19,"Con",6,"14/04/2025","D","24/03/2025",21,0
"866",59,20,"Con",6,"14/04/2025","D","24/03/2025",21,0
"867",59,21,"Con",6,"14/04/2025","D","24/03/2025",21,1
"868",60,1,"Con",6,"18/04/2025","D","24/03/2025",25,0
"869",60,2,"Con",6,"18/04/2025","D","24/03/2025",25,0
"870",60,3,"Con",6,NA,"D",NA,NA,0
"871",60,4,"Con",6,"18/04/2025","D","24/03/2025",25,0
"872",60,5,"Con",6,NA,"D",NA,NA,0
"873",60,6,"Con",6,"18/04/2025","D","24/03/2025",25,0
"874",60,7,"Con",6,"18/04/2025","D","24/03/2025",25,0
"875",60,8,"Con",6,"18/04/2025","D","24/03/2025",25,0
"876",60,9,"Con",6,"18/04/2025","D","24/03/2025",25,0
"877",60,10,"Con",6,"18/04/2025","D","24/03/2025",25,0
"878",60,11,"Con",6,"18/04/2025","D","24/03/2025",25,0
"879",60,12,"Con",6,"18/04/2025","D","24/03/2025",25,0
"880",60,13,"Con",6,"18/04/2025","D","24/03/2025",25,0
"881",60,14,"Con",6,"18/04/2025","D","24/03/2025",25,0
"882",60,15,"Con",6,"18/04/2025","D","24/03/2025",25,0
"883",60,16,"Con",6,"18/04/2025","D","24/03/2025",25,0
"884",60,17,"Con",6,"18/04/2025","D","24/03/2025",25,0
"885",60,18,"Con",6,"18/04/2025","D","24/03/2025",25,0
"886",60,19,"Con",6,"18/04/2025","D","24/03/2025",25,0
"887",60,20,"Con",6,"18/04/2025","D","24/03/2025",25,0
"888",60,21,"Con",6,"18/04/2025","D","24/03/2025",25,0
"889",60,22,"Con",6,"18/04/2025","D","24/03/2025",25,0
"890",60,23,"Con",6,"18/04/2025","D","24/03/2025",25,0
"891",60,24,"Con",6,"18/04/2025","D","24/03/2025",25,0
"892",60,25,"Con",6,"18/04/2025","D","24/03/2025",25,1
"893",62,1,"Con",7,"08/04/2025","D","24/03/2025",15,0
"894",62,2,"Con",7,"08/04/2025","D","24/03/2025",15,0
"895",62,3,"Con",7,NA,"D",NA,NA,0
"896",62,4,"Con",7,"08/04/2025","D","24/03/2025",15,0
"897",62,5,"Con",7,NA,"D",NA,NA,0
"898",62,6,"Con",7,"08/04/2025","D","24/03/2025",15,0
"899",62,7,"Con",7,"08/04/2025","D","24/03/2025",15,0
"900",62,8,"Con",7,"08/04/2025","D","24/03/2025",15,0
"901",62,9,"Con",7,"08/04/2025","D","24/03/2025",15,0
"902",62,10,"Con",7,"08/04/2025","D","24/03/2025",15,0
"903",62,11,"Con",7,"08/04/2025","D","24/03/2025",15,0
"904",62,12,"Con",7,"08/04/2025","D","24/03/2025",15,0
"905",62,13,"Con",7,"08/04/2025","D","24/03/2025",15,0
"906",62,14,"Con",7,"08/04/2025","D","24/03/2025",15,0
"907",62,15,"Con",7,"08/04/2025","D","24/03/2025",15,1
"908",63,1,"Con",7,"10/04/2025","D","24/03/2025",17,0
"909",63,2,"Con",7,"10/04/2025","D","24/03/2025",17,0
"910",63,3,"Con",7,NA,"D",NA,NA,0
"911",63,4,"Con",7,"10/04/2025","D","24/03/2025",17,0
"912",63,5,"Con",7,NA,"D",NA,NA,0
"913",63,6,"Con",7,"10/04/2025","D","24/03/2025",17,0
"914",63,7,"Con",7,"10/04/2025","D","24/03/2025",17,0
"915",63,8,"Con",7,"10/04/2025","D","24/03/2025",17,0
"916",63,9,"Con",7,"10/04/2025","D","24/03/2025",17,0
"917",63,10,"Con",7,"10/04/2025","D","24/03/2025",17,0
"918",63,11,"Con",7,"10/04/2025","D","24/03/2025",17,0
"919",63,12,"Con",7,"10/04/2025","D","24/03/2025",17,0
"920",63,13,"Con",7,"10/04/2025","D","24/03/2025",17,0
"921",63,14,"Con",7,"10/04/2025","D","24/03/2025",17,0
"922",63,15,"Con",7,"10/04/2025","D","24/03/2025",17,0
"923",63,16,"Con",7,"10/04/2025","D","24/03/2025",17,0
"924",63,17,"Con",7,"10/04/2025","D","24/03/2025",17,1
"925",64,1,"Con",7,"10/04/2025","D","24/03/2025",17,0
"926",64,2,"Con",7,"10/04/2025","D","24/03/2025",17,0
"927",64,3,"Con",7,NA,"D",NA,NA,0
"928",64,4,"Con",7,"10/04/2025","D","24/03/2025",17,0
"929",64,5,"Con",7,NA,"D",NA,NA,0
"930",64,6,"Con",7,"10/04/2025","D","24/03/2025",17,0
"931",64,7,"Con",7,"10/04/2025","D","24/03/2025",17,0
"932",64,8,"Con",7,"10/04/2025","D","24/03/2025",17,0
"933",64,9,"Con",7,"10/04/2025","D","24/03/2025",17,0
"934",64,10,"Con",7,"10/04/2025","D","24/03/2025",17,0
"935",64,11,"Con",7,"10/04/2025","D","24/03/2025",17,0
"936",64,12,"Con",7,"10/04/2025","D","24/03/2025",17,0
"937",64,13,"Con",7,"10/04/2025","D","24/03/2025",17,0
"938",64,14,"Con",7,"10/04/2025","D","24/03/2025",17,0
"939",64,15,"Con",7,"10/04/2025","D","24/03/2025",17,0
"940",64,16,"Con",7,"10/04/2025","D","24/03/2025",17,0
"941",64,17,"Con",7,"10/04/2025","D","24/03/2025",17,1
"942",65,1,"Con",7,"11/04/2025","D","24/03/2025",18,0
"943",65,2,"Con",7,"11/04/2025","D","24/03/2025",18,0
"944",65,3,"Con",7,NA,"D",NA,NA,0
"945",65,4,"Con",7,"11/04/2025","D","24/03/2025",18,0
"946",65,5,"Con",7,NA,"D",NA,NA,0
"947",65,6,"Con",7,"11/04/2025","D","24/03/2025",18,0
"948",65,7,"Con",7,"11/04/2025","D","24/03/2025",18,0
"949",65,8,"Con",7,"11/04/2025","D","24/03/2025",18,0
"950",65,9,"Con",7,"11/04/2025","D","24/03/2025",18,0
"951",65,10,"Con",7,"11/04/2025","D","24/03/2025",18,0
"952",65,11,"Con",7,"11/04/2025","D","24/03/2025",18,0
"953",65,12,"Con",7,"11/04/2025","D","24/03/2025",18,0
"954",65,13,"Con",7,"11/04/2025","D","24/03/2025",18,0
"955",65,14,"Con",7,"11/04/2025","D","24/03/2025",18,0
"956",65,15,"Con",7,"11/04/2025","D","24/03/2025",18,0
"957",65,16,"Con",7,"11/04/2025","D","24/03/2025",18,0
"958",65,17,"Con",7,"11/04/2025","D","24/03/2025",18,0
"959",65,18,"Con",7,"11/04/2025","D","24/03/2025",18,1
"960",66,1,"Con",7,"11/04/2025","D","24/03/2025",18,0
"961",66,2,"Con",7,"11/04/2025","D","24/03/2025",18,0
"962",66,3,"Con",7,NA,"D",NA,NA,0
"963",66,4,"Con",7,"11/04/2025","D","24/03/2025",18,0
"964",66,5,"Con",7,NA,"D",NA,NA,0
"965",66,6,"Con",7,"11/04/2025","D","24/03/2025",18,0
"966",66,7,"Con",7,"11/04/2025","D","24/03/2025",18,0
"967",66,8,"Con",7,"11/04/2025","D","24/03/2025",18,0
"968",66,9,"Con",7,"11/04/2025","D","24/03/2025",18,0
"969",66,10,"Con",7,"11/04/2025","D","24/03/2025",18,0
"970",66,11,"Con",7,"11/04/2025","D","24/03/2025",18,0
"971",66,12,"Con",7,"11/04/2025","D","24/03/2025",18,0
"972",66,13,"Con",7,"11/04/2025","D","24/03/2025",18,0
"973",66,14,"Con",7,"11/04/2025","D","24/03/2025",18,0
"974",66,15,"Con",7,"11/04/2025","D","24/03/2025",18,0
"975",66,16,"Con",7,"11/04/2025","D","24/03/2025",18,0
"976",66,17,"Con",7,"11/04/2025","D","24/03/2025",18,0
"977",66,18,"Con",7,"11/04/2025","D","24/03/2025",18,1
"978",67,1,"Con",7,"12/04/2025","D","24/03/2025",19,0
"979",67,2,"Con",7,"12/04/2025","D","24/03/2025",19,0
"980",67,3,"Con",7,NA,"D",NA,NA,0
"981",67,4,"Con",7,"12/04/2025","D","24/03/2025",19,0
"982",67,5,"Con",7,NA,"D",NA,NA,0
"983",67,6,"Con",7,"12/04/2025","D","24/03/2025",19,0
"984",67,7,"Con",7,"12/04/2025","D","24/03/2025",19,0
"985",67,8,"Con",7,"12/04/2025","D","24/03/2025",19,0
"986",67,9,"Con",7,"12/04/2025","D","24/03/2025",19,0
"987",67,10,"Con",7,"12/04/2025","D","24/03/2025",19,0
"988",67,11,"Con",7,"12/04/2025","D","24/03/2025",19,0
"989",67,12,"Con",7,"12/04/2025","D","24/03/2025",19,0
"990",67,13,"Con",7,"12/04/2025","D","24/03/2025",19,0
"991",67,14,"Con",7,"12/04/2025","D","24/03/2025",19,0
"992",67,15,"Con",7,"12/04/2025","D","24/03/2025",19,0
"993",67,16,"Con",7,"12/04/2025","D","24/03/2025",19,0
"994",67,17,"Con",7,"12/04/2025","D","24/03/2025",19,0
"995",67,18,"Con",7,"12/04/2025","D","24/03/2025",19,0
"996",67,19,"Con",7,"12/04/2025","D","24/03/2025",19,1
"997",68,1,"Con",7,"14/04/2025","D","24/03/2025",21,0
"998",68,2,"Con",7,"14/04/2025","D","24/03/2025",21,0
"999",68,3,"Con",7,NA,"D",NA,NA,0
"1000",68,4,"Con",7,"14/04/2025","D","24/03/2025",21,0
"1001",68,5,"Con",7,NA,"D",NA,NA,0
"1002",68,6,"Con",7,"14/04/2025","D","24/03/2025",21,0
"1003",68,7,"Con",7,"14/04/2025","D","24/03/2025",21,0
"1004",68,8,"Con",7,"14/04/2025","D","24/03/2025",21,0
"1005",68,9,"Con",7,"14/04/2025","D","24/03/2025",21,0
"1006",68,10,"Con",7,"14/04/2025","D","24/03/2025",21,0
"1007",68,11,"Con",7,"14/04/2025","D","24/03/2025",21,0
"1008",68,12,"Con",7,"14/04/2025","D","24/03/2025",21,0
"1009",68,13,"Con",7,"14/04/2025","D","24/03/2025",21,0
"1010",68,14,"Con",7,"14/04/2025","D","24/03/2025",21,0
"1011",68,15,"Con",7,"14/04/2025","D","24/03/2025",21,0
"1012",68,16,"Con",7,"14/04/2025","D","24/03/2025",21,0
"1013",68,17,"Con",7,"14/04/2025","D","24/03/2025",21,0
"1014",68,18,"Con",7,"14/04/2025","D","24/03/2025",21,0
"1015",68,19,"Con",7,"14/04/2025","D","24/03/2025",21,0
"1016",68,20,"Con",7,"14/04/2025","D","24/03/2025",21,0
"1017",68,21,"Con",7,"14/04/2025","D","24/03/2025",21,1
"1018",69,1,"Con",7,"15/04/2025","D","24/03/2025",22,0
"1019",69,2,"Con",7,"15/04/2025","D","24/03/2025",22,0
"1020",69,3,"Con",7,NA,"D",NA,NA,0
"1021",69,4,"Con",7,"15/04/2025","D","24/03/2025",22,0
"1022",69,5,"Con",7,NA,"D",NA,NA,0
"1023",69,6,"Con",7,"15/04/2025","D","24/03/2025",22,0
"1024",69,7,"Con",7,"15/04/2025","D","24/03/2025",22,0
"1025",69,8,"Con",7,"15/04/2025","D","24/03/2025",22,0
"1026",69,9,"Con",7,"15/04/2025","D","24/03/2025",22,0
"1027",69,10,"Con",7,"15/04/2025","D","24/03/2025",22,0
"1028",69,11,"Con",7,"15/04/2025","D","24/03/2025",22,0
"1029",69,12,"Con",7,"15/04/2025","D","24/03/2025",22,0
"1030",69,13,"Con",7,"15/04/2025","D","24/03/2025",22,0
"1031",69,14,"Con",7,"15/04/2025","D","24/03/2025",22,0
"1032",69,15,"Con",7,"15/04/2025","D","24/03/2025",22,0
"1033",69,16,"Con",7,"15/04/2025","D","24/03/2025",22,0
"1034",69,17,"Con",7,"15/04/2025","D","24/03/2025",22,0
"1035",69,18,"Con",7,"15/04/2025","D","24/03/2025",22,0
"1036",69,19,"Con",7,"15/04/2025","D","24/03/2025",22,0
"1037",69,20,"Con",7,"15/04/2025","D","24/03/2025",22,0
"1038",69,21,"Con",7,"15/04/2025","D","24/03/2025",22,0
"1039",69,22,"Con",7,"15/04/2025","D","24/03/2025",22,1
"1040",70,1,"Con",7,"16/04/2025","D","24/03/2025",23,0
"1041",70,2,"Con",7,"16/04/2025","D","24/03/2025",23,0
"1042",70,3,"Con",7,NA,"D",NA,NA,0
"1043",70,4,"Con",7,"16/04/2025","D","24/03/2025",23,0
"1044",70,5,"Con",7,NA,"D",NA,NA,0
"1045",70,6,"Con",7,"16/04/2025","D","24/03/2025",23,0
"1046",70,7,"Con",7,"16/04/2025","D","24/03/2025",23,0
"1047",70,8,"Con",7,"16/04/2025","D","24/03/2025",23,0
"1048",70,9,"Con",7,"16/04/2025","D","24/03/2025",23,0
"1049",70,10,"Con",7,"16/04/2025","D","24/03/2025",23,0
"1050",70,11,"Con",7,"16/04/2025","D","24/03/2025",23,0
"1051",70,12,"Con",7,"16/04/2025","D","24/03/2025",23,0
"1052",70,13,"Con",7,"16/04/2025","D","24/03/2025",23,0
"1053",70,14,"Con",7,"16/04/2025","D","24/03/2025",23,0
"1054",70,15,"Con",7,"16/04/2025","D","24/03/2025",23,0
"1055",70,16,"Con",7,"16/04/2025","D","24/03/2025",23,0
"1056",70,17,"Con",7,"16/04/2025","D","24/03/2025",23,0
"1057",70,18,"Con",7,"16/04/2025","D","24/03/2025",23,0
"1058",70,19,"Con",7,"16/04/2025","D","24/03/2025",23,0
"1059",70,20,"Con",7,"16/04/2025","D","24/03/2025",23,0
"1060",70,21,"Con",7,"16/04/2025","D","24/03/2025",23,0
"1061",70,22,"Con",7,"16/04/2025","D","24/03/2025",23,0
"1062",70,23,"Con",7,"16/04/2025","D","24/03/2025",23,1
"1063",73,1,"Con",8,"06/04/2025","D","24/03/2025",13,0
"1064",73,2,"Con",8,"06/04/2025","D","24/03/2025",13,0
"1065",73,3,"Con",8,NA,"D",NA,NA,0
"1066",73,4,"Con",8,"06/04/2025","D","24/03/2025",13,0
"1067",73,5,"Con",8,NA,"D",NA,NA,0
"1068",73,6,"Con",8,"06/04/2025","D","24/03/2025",13,0
"1069",73,7,"Con",8,"06/04/2025","D","24/03/2025",13,0
"1070",73,8,"Con",8,"06/04/2025","D","24/03/2025",13,0
"1071",73,9,"Con",8,"06/04/2025","D","24/03/2025",13,0
"1072",73,10,"Con",8,"06/04/2025","D","24/03/2025",13,0
"1073",73,11,"Con",8,"06/04/2025","D","24/03/2025",13,0
"1074",73,12,"Con",8,"06/04/2025","D","24/03/2025",13,0
"1075",73,13,"Con",8,"06/04/2025","D","24/03/2025",13,1
"1076",74,1,"Con",8,"11/04/2025","D","24/03/2025",18,0
"1077",74,2,"Con",8,"11/04/2025","D","24/03/2025",18,0
"1078",74,3,"Con",8,NA,"D",NA,NA,0
"1079",74,4,"Con",8,"11/04/2025","D","24/03/2025",18,0
"1080",74,5,"Con",8,NA,"D",NA,NA,0
"1081",74,6,"Con",8,"11/04/2025","D","24/03/2025",18,0
"1082",74,7,"Con",8,"11/04/2025","D","24/03/2025",18,0
"1083",74,8,"Con",8,"11/04/2025","D","24/03/2025",18,0
"1084",74,9,"Con",8,"11/04/2025","D","24/03/2025",18,0
"1085",74,10,"Con",8,"11/04/2025","D","24/03/2025",18,0
"1086",74,11,"Con",8,"11/04/2025","D","24/03/2025",18,0
"1087",74,12,"Con",8,"11/04/2025","D","24/03/2025",18,0
"1088",74,13,"Con",8,"11/04/2025","D","24/03/2025",18,0
"1089",74,14,"Con",8,"11/04/2025","D","24/03/2025",18,0
"1090",74,15,"Con",8,"11/04/2025","D","24/03/2025",18,0
"1091",74,16,"Con",8,"11/04/2025","D","24/03/2025",18,0
"1092",74,17,"Con",8,"11/04/2025","D","24/03/2025",18,0
"1093",74,18,"Con",8,"11/04/2025","D","24/03/2025",18,1
"1094",75,1,"Con",8,"12/04/2025","D","24/03/2025",19,0
"1095",75,2,"Con",8,"12/04/2025","D","24/03/2025",19,0
"1096",75,3,"Con",8,NA,"D",NA,NA,0
"1097",75,4,"Con",8,"12/04/2025","D","24/03/2025",19,0
"1098",75,5,"Con",8,NA,"D",NA,NA,0
"1099",75,6,"Con",8,"12/04/2025","D","24/03/2025",19,0
"1100",75,7,"Con",8,"12/04/2025","D","24/03/2025",19,0
"1101",75,8,"Con",8,"12/04/2025","D","24/03/2025",19,0
"1102",75,9,"Con",8,"12/04/2025","D","24/03/2025",19,0
"1103",75,10,"Con",8,"12/04/2025","D","24/03/2025",19,0
"1104",75,11,"Con",8,"12/04/2025","D","24/03/2025",19,0
"1105",75,12,"Con",8,"12/04/2025","D","24/03/2025",19,0
"1106",75,13,"Con",8,"12/04/2025","D","24/03/2025",19,0
"1107",75,14,"Con",8,"12/04/2025","D","24/03/2025",19,0
"1108",75,15,"Con",8,"12/04/2025","D","24/03/2025",19,0
"1109",75,16,"Con",8,"12/04/2025","D","24/03/2025",19,0
"1110",75,17,"Con",8,"12/04/2025","D","24/03/2025",19,0
"1111",75,18,"Con",8,"12/04/2025","D","24/03/2025",19,0
"1112",75,19,"Con",8,"12/04/2025","D","24/03/2025",19,1
"1113",76,1,"Con",8,"13/04/2025","D","24/03/2025",20,0
"1114",76,2,"Con",8,"13/04/2025","D","24/03/2025",20,0
"1115",76,3,"Con",8,NA,"D",NA,NA,0
"1116",76,4,"Con",8,"13/04/2025","D","24/03/2025",20,0
"1117",76,5,"Con",8,NA,"D",NA,NA,0
"1118",76,6,"Con",8,"13/04/2025","D","24/03/2025",20,0
"1119",76,7,"Con",8,"13/04/2025","D","24/03/2025",20,0
"1120",76,8,"Con",8,"13/04/2025","D","24/03/2025",20,0
"1121",76,9,"Con",8,"13/04/2025","D","24/03/2025",20,0
"1122",76,10,"Con",8,"13/04/2025","D","24/03/2025",20,0
"1123",76,11,"Con",8,"13/04/2025","D","24/03/2025",20,0
"1124",76,12,"Con",8,"13/04/2025","D","24/03/2025",20,0
"1125",76,13,"Con",8,"13/04/2025","D","24/03/2025",20,0
"1126",76,14,"Con",8,"13/04/2025","D","24/03/2025",20,0
"1127",76,15,"Con",8,"13/04/2025","D","24/03/2025",20,0
"1128",76,16,"Con",8,"13/04/2025","D","24/03/2025",20,0
"1129",76,17,"Con",8,"13/04/2025","D","24/03/2025",20,0
"1130",76,18,"Con",8,"13/04/2025","D","24/03/2025",20,0
"1131",76,19,"Con",8,"13/04/2025","D","24/03/2025",20,0
"1132",76,20,"Con",8,"13/04/2025","D","24/03/2025",20,1
"1133",77,1,"Con",8,"14/04/2025","D","24/03/2025",21,0
"1134",77,2,"Con",8,"14/04/2025","D","24/03/2025",21,0
"1135",77,3,"Con",8,NA,"D",NA,NA,0
"1136",77,4,"Con",8,"14/04/2025","D","24/03/2025",21,0
"1137",77,5,"Con",8,NA,"D",NA,NA,0
"1138",77,6,"Con",8,"14/04/2025","D","24/03/2025",21,0
"1139",77,7,"Con",8,"14/04/2025","D","24/03/2025",21,0
"1140",77,8,"Con",8,"14/04/2025","D","24/03/2025",21,0
"1141",77,9,"Con",8,"14/04/2025","D","24/03/2025",21,0
"1142",77,10,"Con",8,"14/04/2025","D","24/03/2025",21,0
"1143",77,11,"Con",8,"14/04/2025","D","24/03/2025",21,0
"1144",77,12,"Con",8,"14/04/2025","D","24/03/2025",21,0
"1145",77,13,"Con",8,"14/04/2025","D","24/03/2025",21,0
"1146",77,14,"Con",8,"14/04/2025","D","24/03/2025",21,0
"1147",77,15,"Con",8,"14/04/2025","D","24/03/2025",21,0
"1148",77,16,"Con",8,"14/04/2025","D","24/03/2025",21,0
"1149",77,17,"Con",8,"14/04/2025","D","24/03/2025",21,0
"1150",77,18,"Con",8,"14/04/2025","D","24/03/2025",21,0
"1151",77,19,"Con",8,"14/04/2025","D","24/03/2025",21,0
"1152",77,20,"Con",8,"14/04/2025","D","24/03/2025",21,0
"1153",77,21,"Con",8,"14/04/2025","D","24/03/2025",21,1
"1154",78,1,"Con",8,"14/04/2025","D","24/03/2025",21,0
"1155",78,2,"Con",8,"14/04/2025","D","24/03/2025",21,0
"1156",78,3,"Con",8,NA,"D",NA,NA,0
"1157",78,4,"Con",8,"14/04/2025","D","24/03/2025",21,0
"1158",78,5,"Con",8,NA,"D",NA,NA,0
"1159",78,6,"Con",8,"14/04/2025","D","24/03/2025",21,0
"1160",78,7,"Con",8,"14/04/2025","D","24/03/2025",21,0
"1161",78,8,"Con",8,"14/04/2025","D","24/03/2025",21,0
"1162",78,9,"Con",8,"14/04/2025","D","24/03/2025",21,0
"1163",78,10,"Con",8,"14/04/2025","D","24/03/2025",21,0
"1164",78,11,"Con",8,"14/04/2025","D","24/03/2025",21,0
"1165",78,12,"Con",8,"14/04/2025","D","24/03/2025",21,0
"1166",78,13,"Con",8,"14/04/2025","D","24/03/2025",21,0
"1167",78,14,"Con",8,"14/04/2025","D","24/03/2025",21,0
"1168",78,15,"Con",8,"14/04/2025","D","24/03/2025",21,0
"1169",78,16,"Con",8,"14/04/2025","D","24/03/2025",21,0
"1170",78,17,"Con",8,"14/04/2025","D","24/03/2025",21,0
"1171",78,18,"Con",8,"14/04/2025","D","24/03/2025",21,0
"1172",78,19,"Con",8,"14/04/2025","D","24/03/2025",21,0
"1173",78,20,"Con",8,"14/04/2025","D","24/03/2025",21,0
"1174",78,21,"Con",8,"14/04/2025","D","24/03/2025",21,1
"1175",79,1,"Con",8,"14/04/2025","D","24/03/2025",21,0
"1176",79,2,"Con",8,"14/04/2025","D","24/03/2025",21,0
"1177",79,3,"Con",8,NA,"D",NA,NA,0
"1178",79,4,"Con",8,"14/04/2025","D","24/03/2025",21,0
"1179",79,5,"Con",8,NA,"D",NA,NA,0
"1180",79,6,"Con",8,"14/04/2025","D","24/03/2025",21,0
"1181",79,7,"Con",8,"14/04/2025","D","24/03/2025",21,0
"1182",79,8,"Con",8,"14/04/2025","D","24/03/2025",21,0
"1183",79,9,"Con",8,"14/04/2025","D","24/03/2025",21,0
"1184",79,10,"Con",8,"14/04/2025","D","24/03/2025",21,0
"1185",79,11,"Con",8,"14/04/2025","D","24/03/2025",21,0
"1186",79,12,"Con",8,"14/04/2025","D","24/03/2025",21,0
"1187",79,13,"Con",8,"14/04/2025","D","24/03/2025",21,0
"1188",79,14,"Con",8,"14/04/2025","D","24/03/2025",21,0
"1189",79,15,"Con",8,"14/04/2025","D","24/03/2025",21,0
"1190",79,16,"Con",8,"14/04/2025","D","24/03/2025",21,0
"1191",79,17,"Con",8,"14/04/2025","D","24/03/2025",21,0
"1192",79,18,"Con",8,"14/04/2025","D","24/03/2025",21,0
"1193",79,19,"Con",8,"14/04/2025","D","24/03/2025",21,0
"1194",79,20,"Con",8,"14/04/2025","D","24/03/2025",21,0
"1195",79,21,"Con",8,"14/04/2025","D","24/03/2025",21,1
"1196",80,1,"Con",8,"15/04/2025","D","24/03/2025",22,0
"1197",80,2,"Con",8,"15/04/2025","D","24/03/2025",22,0
"1198",80,3,"Con",8,NA,"D",NA,NA,0
"1199",80,4,"Con",8,"15/04/2025","D","24/03/2025",22,0
"1200",80,5,"Con",8,NA,"D",NA,NA,0
"1201",80,6,"Con",8,"15/04/2025","D","24/03/2025",22,0
"1202",80,7,"Con",8,"15/04/2025","D","24/03/2025",22,0
"1203",80,8,"Con",8,"15/04/2025","D","24/03/2025",22,0
"1204",80,9,"Con",8,"15/04/2025","D","24/03/2025",22,0
"1205",80,10,"Con",8,"15/04/2025","D","24/03/2025",22,0
"1206",80,11,"Con",8,"15/04/2025","D","24/03/2025",22,0
"1207",80,12,"Con",8,"15/04/2025","D","24/03/2025",22,0
"1208",80,13,"Con",8,"15/04/2025","D","24/03/2025",22,0
"1209",80,14,"Con",8,"15/04/2025","D","24/03/2025",22,0
"1210",80,15,"Con",8,"15/04/2025","D","24/03/2025",22,0
"1211",80,16,"Con",8,"15/04/2025","D","24/03/2025",22,0
"1212",80,17,"Con",8,"15/04/2025","D","24/03/2025",22,0
"1213",80,18,"Con",8,"15/04/2025","D","24/03/2025",22,0
"1214",80,19,"Con",8,"15/04/2025","D","24/03/2025",22,0
"1215",80,20,"Con",8,"15/04/2025","D","24/03/2025",22,0
"1216",80,21,"Con",8,"15/04/2025","D","24/03/2025",22,0
"1217",80,22,"Con",8,"15/04/2025","D","24/03/2025",22,1
"1218",83,1,"Con",9,"10/04/2025","D","24/03/2025",17,0
"1219",83,2,"Con",9,"10/04/2025","D","24/03/2025",17,0
"1220",83,3,"Con",9,NA,"D",NA,NA,0
"1221",83,4,"Con",9,"10/04/2025","D","24/03/2025",17,0
"1222",83,5,"Con",9,NA,"D",NA,NA,0
"1223",83,6,"Con",9,"10/04/2025","D","24/03/2025",17,0
"1224",83,7,"Con",9,"10/04/2025","D","24/03/2025",17,0
"1225",83,8,"Con",9,"10/04/2025","D","24/03/2025",17,0
"1226",83,9,"Con",9,"10/04/2025","D","24/03/2025",17,0
"1227",83,10,"Con",9,"10/04/2025","D","24/03/2025",17,0
"1228",83,11,"Con",9,"10/04/2025","D","24/03/2025",17,0
"1229",83,12,"Con",9,"10/04/2025","D","24/03/2025",17,0
"1230",83,13,"Con",9,"10/04/2025","D","24/03/2025",17,0
"1231",83,14,"Con",9,"10/04/2025","D","24/03/2025",17,0
"1232",83,15,"Con",9,"10/04/2025","D","24/03/2025",17,0
"1233",83,16,"Con",9,"10/04/2025","D","24/03/2025",17,0
"1234",83,17,"Con",9,"10/04/2025","D","24/03/2025",17,1
"1235",84,1,"Con",9,"13/04/2025","D","24/03/2025",20,0
"1236",84,2,"Con",9,"13/04/2025","D","24/03/2025",20,0
"1237",84,3,"Con",9,NA,"D",NA,NA,0
"1238",84,4,"Con",9,"13/04/2025","D","24/03/2025",20,0
"1239",84,5,"Con",9,NA,"D",NA,NA,0
"1240",84,6,"Con",9,"13/04/2025","D","24/03/2025",20,0
"1241",84,7,"Con",9,"13/04/2025","D","24/03/2025",20,0
"1242",84,8,"Con",9,"13/04/2025","D","24/03/2025",20,0
"1243",84,9,"Con",9,"13/04/2025","D","24/03/2025",20,0
"1244",84,10,"Con",9,"13/04/2025","D","24/03/2025",20,0
"1245",84,11,"Con",9,"13/04/2025","D","24/03/2025",20,0
"1246",84,12,"Con",9,"13/04/2025","D","24/03/2025",20,0
"1247",84,13,"Con",9,"13/04/2025","D","24/03/2025",20,0
"1248",84,14,"Con",9,"13/04/2025","D","24/03/2025",20,0
"1249",84,15,"Con",9,"13/04/2025","D","24/03/2025",20,0
"1250",84,16,"Con",9,"13/04/2025","D","24/03/2025",20,0
"1251",84,17,"Con",9,"13/04/2025","D","24/03/2025",20,0
"1252",84,18,"Con",9,"13/04/2025","D","24/03/2025",20,0
"1253",84,19,"Con",9,"13/04/2025","D","24/03/2025",20,0
"1254",84,20,"Con",9,"13/04/2025","D","24/03/2025",20,1
"1255",85,1,"Con",9,"14/04/2025","D","24/03/2025",21,0
"1256",85,2,"Con",9,"14/04/2025","D","24/03/2025",21,0
"1257",85,3,"Con",9,NA,"D",NA,NA,0
"1258",85,4,"Con",9,"14/04/2025","D","24/03/2025",21,0
"1259",85,5,"Con",9,NA,"D",NA,NA,0
"1260",85,6,"Con",9,"14/04/2025","D","24/03/2025",21,0
"1261",85,7,"Con",9,"14/04/2025","D","24/03/2025",21,0
"1262",85,8,"Con",9,"14/04/2025","D","24/03/2025",21,0
"1263",85,9,"Con",9,"14/04/2025","D","24/03/2025",21,0
"1264",85,10,"Con",9,"14/04/2025","D","24/03/2025",21,0
"1265",85,11,"Con",9,"14/04/2025","D","24/03/2025",21,0
"1266",85,12,"Con",9,"14/04/2025","D","24/03/2025",21,0
"1267",85,13,"Con",9,"14/04/2025","D","24/03/2025",21,0
"1268",85,14,"Con",9,"14/04/2025","D","24/03/2025",21,0
"1269",85,15,"Con",9,"14/04/2025","D","24/03/2025",21,0
"1270",85,16,"Con",9,"14/04/2025","D","24/03/2025",21,0
"1271",85,17,"Con",9,"14/04/2025","D","24/03/2025",21,0
"1272",85,18,"Con",9,"14/04/2025","D","24/03/2025",21,0
"1273",85,19,"Con",9,"14/04/2025","D","24/03/2025",21,0
"1274",85,20,"Con",9,"14/04/2025","D","24/03/2025",21,0
"1275",85,21,"Con",9,"14/04/2025","D","24/03/2025",21,1
"1276",86,1,"Con",9,"17/04/2025","D","24/03/2025",24,0
"1277",86,2,"Con",9,"17/04/2025","D","24/03/2025",24,0
"1278",86,3,"Con",9,NA,"D",NA,NA,0
"1279",86,4,"Con",9,"17/04/2025","D","24/03/2025",24,0
"1280",86,5,"Con",9,NA,"D",NA,NA,0
"1281",86,6,"Con",9,"17/04/2025","D","24/03/2025",24,0
"1282",86,7,"Con",9,"17/04/2025","D","24/03/2025",24,0
"1283",86,8,"Con",9,"17/04/2025","D","24/03/2025",24,0
"1284",86,9,"Con",9,"17/04/2025","D","24/03/2025",24,0
"1285",86,10,"Con",9,"17/04/2025","D","24/03/2025",24,0
"1286",86,11,"Con",9,"17/04/2025","D","24/03/2025",24,0
"1287",86,12,"Con",9,"17/04/2025","D","24/03/2025",24,0
"1288",86,13,"Con",9,"17/04/2025","D","24/03/2025",24,0
"1289",86,14,"Con",9,"17/04/2025","D","24/03/2025",24,0
"1290",86,15,"Con",9,"17/04/2025","D","24/03/2025",24,0
"1291",86,16,"Con",9,"17/04/2025","D","24/03/2025",24,0
"1292",86,17,"Con",9,"17/04/2025","D","24/03/2025",24,0
"1293",86,18,"Con",9,"17/04/2025","D","24/03/2025",24,0
"1294",86,19,"Con",9,"17/04/2025","D","24/03/2025",24,0
"1295",86,20,"Con",9,"17/04/2025","D","24/03/2025",24,0
"1296",86,21,"Con",9,"17/04/2025","D","24/03/2025",24,0
"1297",86,22,"Con",9,"17/04/2025","D","24/03/2025",24,0
"1298",86,23,"Con",9,"17/04/2025","D","24/03/2025",24,0
"1299",86,24,"Con",9,"17/04/2025","D","24/03/2025",24,1
"1300",87,1,"Con",9,"18/04/2025","D","24/03/2025",25,0
"1301",87,2,"Con",9,"18/04/2025","D","24/03/2025",25,0
"1302",87,3,"Con",9,NA,"D",NA,NA,0
"1303",87,4,"Con",9,"18/04/2025","D","24/03/2025",25,0
"1304",87,5,"Con",9,NA,"D",NA,NA,0
"1305",87,6,"Con",9,"18/04/2025","D","24/03/2025",25,0
"1306",87,7,"Con",9,"18/04/2025","D","24/03/2025",25,0
"1307",87,8,"Con",9,"18/04/2025","D","24/03/2025",25,0
"1308",87,9,"Con",9,"18/04/2025","D","24/03/2025",25,0
"1309",87,10,"Con",9,"18/04/2025","D","24/03/2025",25,0
"1310",87,11,"Con",9,"18/04/2025","D","24/03/2025",25,0
"1311",87,12,"Con",9,"18/04/2025","D","24/03/2025",25,0
"1312",87,13,"Con",9,"18/04/2025","D","24/03/2025",25,0
"1313",87,14,"Con",9,"18/04/2025","D","24/03/2025",25,0
"1314",87,15,"Con",9,"18/04/2025","D","24/03/2025",25,0
"1315",87,16,"Con",9,"18/04/2025","D","24/03/2025",25,0
"1316",87,17,"Con",9,"18/04/2025","D","24/03/2025",25,0
"1317",87,18,"Con",9,"18/04/2025","D","24/03/2025",25,0
"1318",87,19,"Con",9,"18/04/2025","D","24/03/2025",25,0
"1319",87,20,"Con",9,"18/04/2025","D","24/03/2025",25,0
"1320",87,21,"Con",9,"18/04/2025","D","24/03/2025",25,0
"1321",87,22,"Con",9,"18/04/2025","D","24/03/2025",25,0
"1322",87,23,"Con",9,"18/04/2025","D","24/03/2025",25,0
"1323",87,24,"Con",9,"18/04/2025","D","24/03/2025",25,0
"1324",87,25,"Con",9,"18/04/2025","D","24/03/2025",25,1
"1325",88,1,"Con",9,"18/04/2025","D","24/03/2025",25,0
"1326",88,2,"Con",9,"18/04/2025","D","24/03/2025",25,0
"1327",88,3,"Con",9,NA,"D",NA,NA,0
"1328",88,4,"Con",9,"18/04/2025","D","24/03/2025",25,0
"1329",88,5,"Con",9,NA,"D",NA,NA,0
"1330",88,6,"Con",9,"18/04/2025","D","24/03/2025",25,0
"1331",88,7,"Con",9,"18/04/2025","D","24/03/2025",25,0
"1332",88,8,"Con",9,"18/04/2025","D","24/03/2025",25,0
"1333",88,9,"Con",9,"18/04/2025","D","24/03/2025",25,0
"1334",88,10,"Con",9,"18/04/2025","D","24/03/2025",25,0
"1335",88,11,"Con",9,"18/04/2025","D","24/03/2025",25,0
"1336",88,12,"Con",9,"18/04/2025","D","24/03/2025",25,0
"1337",88,13,"Con",9,"18/04/2025","D","24/03/2025",25,0
"1338",88,14,"Con",9,"18/04/2025","D","24/03/2025",25,0
"1339",88,15,"Con",9,"18/04/2025","D","24/03/2025",25,0
"1340",88,16,"Con",9,"18/04/2025","D","24/03/2025",25,0
"1341",88,17,"Con",9,"18/04/2025","D","24/03/2025",25,0
"1342",88,18,"Con",9,"18/04/2025","D","24/03/2025",25,0
"1343",88,19,"Con",9,"18/04/2025","D","24/03/2025",25,0
"1344",88,20,"Con",9,"18/04/2025","D","24/03/2025",25,0
"1345",88,21,"Con",9,"18/04/2025","D","24/03/2025",25,0
"1346",88,22,"Con",9,"18/04/2025","D","24/03/2025",25,0
"1347",88,23,"Con",9,"18/04/2025","D","24/03/2025",25,0
"1348",88,24,"Con",9,"18/04/2025","D","24/03/2025",25,0
"1349",88,25,"Con",9,"18/04/2025","D","24/03/2025",25,1
"1350",89,1,"Con",9,"18/04/2025","D","24/03/2025",25,0
"1351",89,2,"Con",9,"18/04/2025","D","24/03/2025",25,0
"1352",89,3,"Con",9,NA,"D",NA,NA,0
"1353",89,4,"Con",9,"18/04/2025","D","24/03/2025",25,0
"1354",89,5,"Con",9,NA,"D",NA,NA,0
"1355",89,6,"Con",9,"18/04/2025","D","24/03/2025",25,0
"1356",89,7,"Con",9,"18/04/2025","D","24/03/2025",25,0
"1357",89,8,"Con",9,"18/04/2025","D","24/03/2025",25,0
"1358",89,9,"Con",9,"18/04/2025","D","24/03/2025",25,0
"1359",89,10,"Con",9,"18/04/2025","D","24/03/2025",25,0
"1360",89,11,"Con",9,"18/04/2025","D","24/03/2025",25,0
"1361",89,12,"Con",9,"18/04/2025","D","24/03/2025",25,0
"1362",89,13,"Con",9,"18/04/2025","D","24/03/2025",25,0
"1363",89,14,"Con",9,"18/04/2025","D","24/03/2025",25,0
"1364",89,15,"Con",9,"18/04/2025","D","24/03/2025",25,0
"1365",89,16,"Con",9,"18/04/2025","D","24/03/2025",25,0
"1366",89,17,"Con",9,"18/04/2025","D","24/03/2025",25,0
"1367",89,18,"Con",9,"18/04/2025","D","24/03/2025",25,0
"1368",89,19,"Con",9,"18/04/2025","D","24/03/2025",25,0
"1369",89,20,"Con",9,"18/04/2025","D","24/03/2025",25,0
"1370",89,21,"Con",9,"18/04/2025","D","24/03/2025",25,0
"1371",89,22,"Con",9,"18/04/2025","D","24/03/2025",25,0
"1372",89,23,"Con",9,"18/04/2025","D","24/03/2025",25,0
"1373",89,24,"Con",9,"18/04/2025","D","24/03/2025",25,0
"1374",89,25,"Con",9,"18/04/2025","D","24/03/2025",25,1
"1375",90,1,"Con",9,"19/04/2025","D","24/03/2025",26,0
"1376",90,2,"Con",9,"19/04/2025","D","24/03/2025",26,0
"1377",90,3,"Con",9,NA,"D",NA,NA,0
"1378",90,4,"Con",9,"19/04/2025","D","24/03/2025",26,0
"1379",90,5,"Con",9,NA,"D",NA,NA,0
"1380",90,6,"Con",9,"19/04/2025","D","24/03/2025",26,0
"1381",90,7,"Con",9,"19/04/2025","D","24/03/2025",26,0
"1382",90,8,"Con",9,"19/04/2025","D","24/03/2025",26,0
"1383",90,9,"Con",9,"19/04/2025","D","24/03/2025",26,0
"1384",90,10,"Con",9,"19/04/2025","D","24/03/2025",26,0
"1385",90,11,"Con",9,"19/04/2025","D","24/03/2025",26,0
"1386",90,12,"Con",9,"19/04/2025","D","24/03/2025",26,0
"1387",90,13,"Con",9,"19/04/2025","D","24/03/2025",26,0
"1388",90,14,"Con",9,"19/04/2025","D","24/03/2025",26,0
"1389",90,15,"Con",9,"19/04/2025","D","24/03/2025",26,0
"1390",90,16,"Con",9,"19/04/2025","D","24/03/2025",26,0
"1391",90,17,"Con",9,"19/04/2025","D","24/03/2025",26,0
"1392",90,18,"Con",9,"19/04/2025","D","24/03/2025",26,0
"1393",90,19,"Con",9,"19/04/2025","D","24/03/2025",26,0
"1394",90,20,"Con",9,"19/04/2025","D","24/03/2025",26,0
"1395",90,21,"Con",9,"19/04/2025","D","24/03/2025",26,0
"1396",90,22,"Con",9,"19/04/2025","D","24/03/2025",26,0
"1397",90,23,"Con",9,"19/04/2025","D","24/03/2025",26,0
"1398",90,24,"Con",9,"19/04/2025","D","24/03/2025",26,0
"1399",90,25,"Con",9,"19/04/2025","D","24/03/2025",26,0
"1400",90,26,"Con",9,"19/04/2025","D","24/03/2025",26,1
"1401",91,1,"Con",10,"05/04/2025","D","24/03/2025",12,0
"1402",91,2,"Con",10,"05/04/2025","D","24/03/2025",12,0
"1403",91,3,"Con",10,NA,"D",NA,NA,0
"1404",91,4,"Con",10,"05/04/2025","D","24/03/2025",12,0
"1405",91,5,"Con",10,NA,"D",NA,NA,0
"1406",91,6,"Con",10,"05/04/2025","D","24/03/2025",12,0
"1407",91,7,"Con",10,"05/04/2025","D","24/03/2025",12,0
"1408",91,8,"Con",10,"05/04/2025","D","24/03/2025",12,0
"1409",91,9,"Con",10,"05/04/2025","D","24/03/2025",12,0
"1410",91,10,"Con",10,"05/04/2025","D","24/03/2025",12,0
"1411",91,11,"Con",10,"05/04/2025","D","24/03/2025",12,0
"1412",91,12,"Con",10,"05/04/2025","D","24/03/2025",12,1
"1413",93,1,"Con",10,"12/04/2025","D","24/03/2025",19,0
"1414",93,2,"Con",10,"12/04/2025","D","24/03/2025",19,0
"1415",93,3,"Con",10,NA,"D",NA,NA,0
"1416",93,4,"Con",10,"12/04/2025","D","24/03/2025",19,0
"1417",93,5,"Con",10,NA,"D",NA,NA,0
"1418",93,6,"Con",10,"12/04/2025","D","24/03/2025",19,0
"1419",93,7,"Con",10,"12/04/2025","D","24/03/2025",19,0
"1420",93,8,"Con",10,"12/04/2025","D","24/03/2025",19,0
"1421",93,9,"Con",10,"12/04/2025","D","24/03/2025",19,0
"1422",93,10,"Con",10,"12/04/2025","D","24/03/2025",19,0
"1423",93,11,"Con",10,"12/04/2025","D","24/03/2025",19,0
"1424",93,12,"Con",10,"12/04/2025","D","24/03/2025",19,0
"1425",93,13,"Con",10,"12/04/2025","D","24/03/2025",19,0
"1426",93,14,"Con",10,"12/04/2025","D","24/03/2025",19,0
"1427",93,15,"Con",10,"12/04/2025","D","24/03/2025",19,0
"1428",93,16,"Con",10,"12/04/2025","D","24/03/2025",19,0
"1429",93,17,"Con",10,"12/04/2025","D","24/03/2025",19,0
"1430",93,18,"Con",10,"12/04/2025","D","24/03/2025",19,0
"1431",93,19,"Con",10,"12/04/2025","D","24/03/2025",19,1
"1432",94,1,"Con",10,"12/04/2025","D","24/03/2025",19,0
"1433",94,2,"Con",10,"12/04/2025","D","24/03/2025",19,0
"1434",94,3,"Con",10,NA,"D",NA,NA,0
"1435",94,4,"Con",10,"12/04/2025","D","24/03/2025",19,0
"1436",94,5,"Con",10,NA,"D",NA,NA,0
"1437",94,6,"Con",10,"12/04/2025","D","24/03/2025",19,0
"1438",94,7,"Con",10,"12/04/2025","D","24/03/2025",19,0
"1439",94,8,"Con",10,"12/04/2025","D","24/03/2025",19,0
"1440",94,9,"Con",10,"12/04/2025","D","24/03/2025",19,0
"1441",94,10,"Con",10,"12/04/2025","D","24/03/2025",19,0
"1442",94,11,"Con",10,"12/04/2025","D","24/03/2025",19,0
"1443",94,12,"Con",10,"12/04/2025","D","24/03/2025",19,0
"1444",94,13,"Con",10,"12/04/2025","D","24/03/2025",19,0
"1445",94,14,"Con",10,"12/04/2025","D","24/03/2025",19,0
"1446",94,15,"Con",10,"12/04/2025","D","24/03/2025",19,0
"1447",94,16,"Con",10,"12/04/2025","D","24/03/2025",19,0
"1448",94,17,"Con",10,"12/04/2025","D","24/03/2025",19,0
"1449",94,18,"Con",10,"12/04/2025","D","24/03/2025",19,0
"1450",94,19,"Con",10,"12/04/2025","D","24/03/2025",19,1
"1451",95,1,"Con",10,"14/04/2025","D","24/03/2025",21,0
"1452",95,2,"Con",10,"14/04/2025","D","24/03/2025",21,0
"1453",95,3,"Con",10,NA,"D",NA,NA,0
"1454",95,4,"Con",10,"14/04/2025","D","24/03/2025",21,0
"1455",95,5,"Con",10,NA,"D",NA,NA,0
"1456",95,6,"Con",10,"14/04/2025","D","24/03/2025",21,0
"1457",95,7,"Con",10,"14/04/2025","D","24/03/2025",21,0
"1458",95,8,"Con",10,"14/04/2025","D","24/03/2025",21,0
"1459",95,9,"Con",10,"14/04/2025","D","24/03/2025",21,0
"1460",95,10,"Con",10,"14/04/2025","D","24/03/2025",21,0
"1461",95,11,"Con",10,"14/04/2025","D","24/03/2025",21,0
"1462",95,12,"Con",10,"14/04/2025","D","24/03/2025",21,0
"1463",95,13,"Con",10,"14/04/2025","D","24/03/2025",21,0
"1464",95,14,"Con",10,"14/04/2025","D","24/03/2025",21,0
"1465",95,15,"Con",10,"14/04/2025","D","24/03/2025",21,0
"1466",95,16,"Con",10,"14/04/2025","D","24/03/2025",21,0
"1467",95,17,"Con",10,"14/04/2025","D","24/03/2025",21,0
"1468",95,18,"Con",10,"14/04/2025","D","24/03/2025",21,0
"1469",95,19,"Con",10,"14/04/2025","D","24/03/2025",21,0
"1470",95,20,"Con",10,"14/04/2025","D","24/03/2025",21,0
"1471",95,21,"Con",10,"14/04/2025","D","24/03/2025",21,1
"1472",96,1,"Con",10,"14/04/2025","D","24/03/2025",21,0
"1473",96,2,"Con",10,"14/04/2025","D","24/03/2025",21,0
"1474",96,3,"Con",10,NA,"D",NA,NA,0
"1475",96,4,"Con",10,"14/04/2025","D","24/03/2025",21,0
"1476",96,5,"Con",10,NA,"D",NA,NA,0
"1477",96,6,"Con",10,"14/04/2025","D","24/03/2025",21,0
"1478",96,7,"Con",10,"14/04/2025","D","24/03/2025",21,0
"1479",96,8,"Con",10,"14/04/2025","D","24/03/2025",21,0
"1480",96,9,"Con",10,"14/04/2025","D","24/03/2025",21,0
"1481",96,10,"Con",10,"14/04/2025","D","24/03/2025",21,0
"1482",96,11,"Con",10,"14/04/2025","D","24/03/2025",21,0
"1483",96,12,"Con",10,"14/04/2025","D","24/03/2025",21,0
"1484",96,13,"Con",10,"14/04/2025","D","24/03/2025",21,0
"1485",96,14,"Con",10,"14/04/2025","D","24/03/2025",21,0
"1486",96,15,"Con",10,"14/04/2025","D","24/03/2025",21,0
"1487",96,16,"Con",10,"14/04/2025","D","24/03/2025",21,0
"1488",96,17,"Con",10,"14/04/2025","D","24/03/2025",21,0
"1489",96,18,"Con",10,"14/04/2025","D","24/03/2025",21,0
"1490",96,19,"Con",10,"14/04/2025","D","24/03/2025",21,0
"1491",96,20,"Con",10,"14/04/2025","D","24/03/2025",21,0
"1492",96,21,"Con",10,"14/04/2025","D","24/03/2025",21,1
"1493",97,1,"Con",10,"15/04/2025","D","24/03/2025",22,0
"1494",97,2,"Con",10,"15/04/2025","D","24/03/2025",22,0
"1495",97,3,"Con",10,NA,"D",NA,NA,0
"1496",97,4,"Con",10,"15/04/2025","D","24/03/2025",22,0
"1497",97,5,"Con",10,NA,"D",NA,NA,0
"1498",97,6,"Con",10,"15/04/2025","D","24/03/2025",22,0
"1499",97,7,"Con",10,"15/04/2025","D","24/03/2025",22,0
"1500",97,8,"Con",10,"15/04/2025","D","24/03/2025",22,0
"1501",97,9,"Con",10,"15/04/2025","D","24/03/2025",22,0
"1502",97,10,"Con",10,"15/04/2025","D","24/03/2025",22,0
"1503",97,11,"Con",10,"15/04/2025","D","24/03/2025",22,0
"1504",97,12,"Con",10,"15/04/2025","D","24/03/2025",22,0
"1505",97,13,"Con",10,"15/04/2025","D","24/03/2025",22,0
"1506",97,14,"Con",10,"15/04/2025","D","24/03/2025",22,0
"1507",97,15,"Con",10,"15/04/2025","D","24/03/2025",22,0
"1508",97,16,"Con",10,"15/04/2025","D","24/03/2025",22,0
"1509",97,17,"Con",10,"15/04/2025","D","24/03/2025",22,0
"1510",97,18,"Con",10,"15/04/2025","D","24/03/2025",22,0
"1511",97,19,"Con",10,"15/04/2025","D","24/03/2025",22,0
"1512",97,20,"Con",10,"15/04/2025","D","24/03/2025",22,0
"1513",97,21,"Con",10,"15/04/2025","D","24/03/2025",22,0
"1514",97,22,"Con",10,"15/04/2025","D","24/03/2025",22,1
"1515",98,1,"Con",10,"16/04/2025","D","24/03/2025",23,0
"1516",98,2,"Con",10,"16/04/2025","D","24/03/2025",23,0
"1517",98,3,"Con",10,NA,"D",NA,NA,0
"1518",98,4,"Con",10,"16/04/2025","D","24/03/2025",23,0
"1519",98,5,"Con",10,NA,"D",NA,NA,0
"1520",98,6,"Con",10,"16/04/2025","D","24/03/2025",23,0
"1521",98,7,"Con",10,"16/04/2025","D","24/03/2025",23,0
"1522",98,8,"Con",10,"16/04/2025","D","24/03/2025",23,0
"1523",98,9,"Con",10,"16/04/2025","D","24/03/2025",23,0
"1524",98,10,"Con",10,"16/04/2025","D","24/03/2025",23,0
"1525",98,11,"Con",10,"16/04/2025","D","24/03/2025",23,0
"1526",98,12,"Con",10,"16/04/2025","D","24/03/2025",23,0
"1527",98,13,"Con",10,"16/04/2025","D","24/03/2025",23,0
"1528",98,14,"Con",10,"16/04/2025","D","24/03/2025",23,0
"1529",98,15,"Con",10,"16/04/2025","D","24/03/2025",23,0
"1530",98,16,"Con",10,"16/04/2025","D","24/03/2025",23,0
"1531",98,17,"Con",10,"16/04/2025","D","24/03/2025",23,0
"1532",98,18,"Con",10,"16/04/2025","D","24/03/2025",23,0
"1533",98,19,"Con",10,"16/04/2025","D","24/03/2025",23,0
"1534",98,20,"Con",10,"16/04/2025","D","24/03/2025",23,0
"1535",98,21,"Con",10,"16/04/2025","D","24/03/2025",23,0
"1536",98,22,"Con",10,"16/04/2025","D","24/03/2025",23,0
"1537",98,23,"Con",10,"16/04/2025","D","24/03/2025",23,1
"1538",99,1,"Con",10,"18/04/2025","D","24/03/2025",25,0
"1539",99,2,"Con",10,"18/04/2025","D","24/03/2025",25,0
"1540",99,3,"Con",10,NA,"D",NA,NA,0
"1541",99,4,"Con",10,"18/04/2025","D","24/03/2025",25,0
"1542",99,5,"Con",10,NA,"D",NA,NA,0
"1543",99,6,"Con",10,"18/04/2025","D","24/03/2025",25,0
"1544",99,7,"Con",10,"18/04/2025","D","24/03/2025",25,0
"1545",99,8,"Con",10,"18/04/2025","D","24/03/2025",25,0
"1546",99,9,"Con",10,"18/04/2025","D","24/03/2025",25,0
"1547",99,10,"Con",10,"18/04/2025","D","24/03/2025",25,0
"1548",99,11,"Con",10,"18/04/2025","D","24/03/2025",25,0
"1549",99,12,"Con",10,"18/04/2025","D","24/03/2025",25,0
"1550",99,13,"Con",10,"18/04/2025","D","24/03/2025",25,0
"1551",99,14,"Con",10,"18/04/2025","D","24/03/2025",25,0
"1552",99,15,"Con",10,"18/04/2025","D","24/03/2025",25,0
"1553",99,16,"Con",10,"18/04/2025","D","24/03/2025",25,0
"1554",99,17,"Con",10,"18/04/2025","D","24/03/2025",25,0
"1555",99,18,"Con",10,"18/04/2025","D","24/03/2025",25,0
"1556",99,19,"Con",10,"18/04/2025","D","24/03/2025",25,0
"1557",99,20,"Con",10,"18/04/2025","D","24/03/2025",25,0
"1558",99,21,"Con",10,"18/04/2025","D","24/03/2025",25,0
"1559",99,22,"Con",10,"18/04/2025","D","24/03/2025",25,0
"1560",99,23,"Con",10,"18/04/2025","D","24/03/2025",25,0
"1561",99,24,"Con",10,"18/04/2025","D","24/03/2025",25,0
"1562",99,25,"Con",10,"18/04/2025","D","24/03/2025",25,1
"1563",100,1,"Con",10,"20/04/2025","D","24/03/2025",27,0
"1564",100,2,"Con",10,"20/04/2025","D","24/03/2025",27,0
"1565",100,3,"Con",10,NA,"D",NA,NA,0
"1566",100,4,"Con",10,"20/04/2025","D","24/03/2025",27,0
"1567",100,5,"Con",10,NA,"D",NA,NA,0
"1568",100,6,"Con",10,"20/04/2025","D","24/03/2025",27,0
"1569",100,7,"Con",10,"20/04/2025","D","24/03/2025",27,0
"1570",100,8,"Con",10,"20/04/2025","D","24/03/2025",27,0
"1571",100,9,"Con",10,"20/04/2025","D","24/03/2025",27,0
"1572",100,10,"Con",10,"20/04/2025","D","24/03/2025",27,0
"1573",100,11,"Con",10,"20/04/2025","D","24/03/2025",27,0
"1574",100,12,"Con",10,"20/04/2025","D","24/03/2025",27,0
"1575",100,13,"Con",10,"20/04/2025","D","24/03/2025",27,0
"1576",100,14,"Con",10,"20/04/2025","D","24/03/2025",27,0
"1577",100,15,"Con",10,"20/04/2025","D","24/03/2025",27,0
"1578",100,16,"Con",10,"20/04/2025","D","24/03/2025",27,0
"1579",100,17,"Con",10,"20/04/2025","D","24/03/2025",27,0
"1580",100,18,"Con",10,"20/04/2025","D","24/03/2025",27,0
"1581",100,19,"Con",10,"20/04/2025","D","24/03/2025",27,0
"1582",100,20,"Con",10,"20/04/2025","D","24/03/2025",27,0
"1583",100,21,"Con",10,"20/04/2025","D","24/03/2025",27,0
"1584",100,22,"Con",10,"20/04/2025","D","24/03/2025",27,0
"1585",100,23,"Con",10,"20/04/2025","D","24/03/2025",27,0
"1586",100,24,"Con",10,"20/04/2025","D","24/03/2025",27,0
"1587",100,25,"Con",10,"20/04/2025","D","24/03/2025",27,0
"1588",100,26,"Con",10,"20/04/2025","D","24/03/2025",27,0
"1589",100,27,"Con",10,"20/04/2025","D","24/03/2025",27,1
"1590",103,1,"L1",11,"10/04/2025","D","25/03/2025",17,0
"1591",103,2,"L1",11,"10/04/2025","D","25/03/2025",17,0
"1592",103,3,"L1",11,NA,"D",NA,NA,0
"1593",103,4,"L1",11,"10/04/2025","D","25/03/2025",17,0
"1594",103,5,"L1",11,NA,"D",NA,NA,0
"1595",103,6,"L1",11,"10/04/2025","D","25/03/2025",17,0
"1596",103,7,"L1",11,"10/04/2025","D","25/03/2025",17,0
"1597",103,8,"L1",11,"10/04/2025","D","25/03/2025",17,0
"1598",103,9,"L1",11,"10/04/2025","D","25/03/2025",17,0
"1599",103,10,"L1",11,"10/04/2025","D","25/03/2025",17,0
"1600",103,11,"L1",11,"10/04/2025","D","25/03/2025",17,0
"1601",103,12,"L1",11,"10/04/2025","D","25/03/2025",17,0
"1602",103,13,"L1",11,"10/04/2025","D","25/03/2025",17,0
"1603",103,14,"L1",11,"10/04/2025","D","25/03/2025",17,0
"1604",103,15,"L1",11,"10/04/2025","D","25/03/2025",17,0
"1605",103,16,"L1",11,"10/04/2025","D","25/03/2025",17,1
"1606",104,1,"L1",11,"10/04/2025","D","25/03/2025",17,0
"1607",104,2,"L1",11,"10/04/2025","D","25/03/2025",17,0
"1608",104,3,"L1",11,NA,"D",NA,NA,0
"1609",104,4,"L1",11,"10/04/2025","D","25/03/2025",17,0
"1610",104,5,"L1",11,NA,"D",NA,NA,0
"1611",104,6,"L1",11,"10/04/2025","D","25/03/2025",17,0
"1612",104,7,"L1",11,"10/04/2025","D","25/03/2025",17,0
"1613",104,8,"L1",11,"10/04/2025","D","25/03/2025",17,0
"1614",104,9,"L1",11,"10/04/2025","D","25/03/2025",17,0
"1615",104,10,"L1",11,"10/04/2025","D","25/03/2025",17,0
"1616",104,11,"L1",11,"10/04/2025","D","25/03/2025",17,0
"1617",104,12,"L1",11,"10/04/2025","D","25/03/2025",17,0
"1618",104,13,"L1",11,"10/04/2025","D","25/03/2025",17,0
"1619",104,14,"L1",11,"10/04/2025","D","25/03/2025",17,0
"1620",104,15,"L1",11,"10/04/2025","D","25/03/2025",17,0
"1621",104,16,"L1",11,"10/04/2025","D","25/03/2025",17,1
"1622",105,1,"L1",11,"11/04/2025","D","25/03/2025",18,0
"1623",105,2,"L1",11,"11/04/2025","D","25/03/2025",18,0
"1624",105,3,"L1",11,NA,"D",NA,NA,0
"1625",105,4,"L1",11,"11/04/2025","D","25/03/2025",18,0
"1626",105,5,"L1",11,NA,"D",NA,NA,0
"1627",105,6,"L1",11,"11/04/2025","D","25/03/2025",18,0
"1628",105,7,"L1",11,"11/04/2025","D","25/03/2025",18,0
"1629",105,8,"L1",11,"11/04/2025","D","25/03/2025",18,0
"1630",105,9,"L1",11,"11/04/2025","D","25/03/2025",18,0
"1631",105,10,"L1",11,"11/04/2025","D","25/03/2025",18,0
"1632",105,11,"L1",11,"11/04/2025","D","25/03/2025",18,0
"1633",105,12,"L1",11,"11/04/2025","D","25/03/2025",18,0
"1634",105,13,"L1",11,"11/04/2025","D","25/03/2025",18,0
"1635",105,14,"L1",11,"11/04/2025","D","25/03/2025",18,0
"1636",105,15,"L1",11,"11/04/2025","D","25/03/2025",18,0
"1637",105,16,"L1",11,"11/04/2025","D","25/03/2025",18,0
"1638",105,17,"L1",11,"11/04/2025","D","25/03/2025",18,1
"1639",106,1,"L1",11,"12/04/2025","D","25/03/2025",19,0
"1640",106,2,"L1",11,"12/04/2025","D","25/03/2025",19,0
"1641",106,3,"L1",11,NA,"D",NA,NA,0
"1642",106,4,"L1",11,"12/04/2025","D","25/03/2025",19,0
"1643",106,5,"L1",11,NA,"D",NA,NA,0
"1644",106,6,"L1",11,"12/04/2025","D","25/03/2025",19,0
"1645",106,7,"L1",11,"12/04/2025","D","25/03/2025",19,0
"1646",106,8,"L1",11,"12/04/2025","D","25/03/2025",19,0
"1647",106,9,"L1",11,"12/04/2025","D","25/03/2025",19,0
"1648",106,10,"L1",11,"12/04/2025","D","25/03/2025",19,0
"1649",106,11,"L1",11,"12/04/2025","D","25/03/2025",19,0
"1650",106,12,"L1",11,"12/04/2025","D","25/03/2025",19,0
"1651",106,13,"L1",11,"12/04/2025","D","25/03/2025",19,0
"1652",106,14,"L1",11,"12/04/2025","D","25/03/2025",19,0
"1653",106,15,"L1",11,"12/04/2025","D","25/03/2025",19,0
"1654",106,16,"L1",11,"12/04/2025","D","25/03/2025",19,0
"1655",106,17,"L1",11,"12/04/2025","D","25/03/2025",19,0
"1656",106,18,"L1",11,"12/04/2025","D","25/03/2025",19,1
"1657",107,1,"L1",11,"12/04/2025","D","25/03/2025",19,0
"1658",107,2,"L1",11,"12/04/2025","D","25/03/2025",19,0
"1659",107,3,"L1",11,NA,"D",NA,NA,0
"1660",107,4,"L1",11,"12/04/2025","D","25/03/2025",19,0
"1661",107,5,"L1",11,NA,"D",NA,NA,0
"1662",107,6,"L1",11,"12/04/2025","D","25/03/2025",19,0
"1663",107,7,"L1",11,"12/04/2025","D","25/03/2025",19,0
"1664",107,8,"L1",11,"12/04/2025","D","25/03/2025",19,0
"1665",107,9,"L1",11,"12/04/2025","D","25/03/2025",19,0
"1666",107,10,"L1",11,"12/04/2025","D","25/03/2025",19,0
"1667",107,11,"L1",11,"12/04/2025","D","25/03/2025",19,0
"1668",107,12,"L1",11,"12/04/2025","D","25/03/2025",19,0
"1669",107,13,"L1",11,"12/04/2025","D","25/03/2025",19,0
"1670",107,14,"L1",11,"12/04/2025","D","25/03/2025",19,0
"1671",107,15,"L1",11,"12/04/2025","D","25/03/2025",19,0
"1672",107,16,"L1",11,"12/04/2025","D","25/03/2025",19,0
"1673",107,17,"L1",11,"12/04/2025","D","25/03/2025",19,0
"1674",107,18,"L1",11,"12/04/2025","D","25/03/2025",19,1
"1675",108,1,"L1",11,"13/04/2025","D","25/03/2025",20,0
"1676",108,2,"L1",11,"13/04/2025","D","25/03/2025",20,0
"1677",108,3,"L1",11,NA,"D",NA,NA,0
"1678",108,4,"L1",11,"13/04/2025","D","25/03/2025",20,0
"1679",108,5,"L1",11,NA,"D",NA,NA,0
"1680",108,6,"L1",11,"13/04/2025","D","25/03/2025",20,0
"1681",108,7,"L1",11,"13/04/2025","D","25/03/2025",20,0
"1682",108,8,"L1",11,"13/04/2025","D","25/03/2025",20,0
"1683",108,9,"L1",11,"13/04/2025","D","25/03/2025",20,0
"1684",108,10,"L1",11,"13/04/2025","D","25/03/2025",20,0
"1685",108,11,"L1",11,"13/04/2025","D","25/03/2025",20,0
"1686",108,12,"L1",11,"13/04/2025","D","25/03/2025",20,0
"1687",108,13,"L1",11,"13/04/2025","D","25/03/2025",20,0
"1688",108,14,"L1",11,"13/04/2025","D","25/03/2025",20,0
"1689",108,15,"L1",11,"13/04/2025","D","25/03/2025",20,0
"1690",108,16,"L1",11,"13/04/2025","D","25/03/2025",20,0
"1691",108,17,"L1",11,"13/04/2025","D","25/03/2025",20,0
"1692",108,18,"L1",11,"13/04/2025","D","25/03/2025",20,0
"1693",108,19,"L1",11,"13/04/2025","D","25/03/2025",20,1
"1694",109,1,"L1",11,"15/04/2025","D","25/03/2025",22,0
"1695",109,2,"L1",11,"15/04/2025","D","25/03/2025",22,0
"1696",109,3,"L1",11,NA,"D",NA,NA,0
"1697",109,4,"L1",11,"15/04/2025","D","25/03/2025",22,0
"1698",109,5,"L1",11,NA,"D",NA,NA,0
"1699",109,6,"L1",11,"15/04/2025","D","25/03/2025",22,0
"1700",109,7,"L1",11,"15/04/2025","D","25/03/2025",22,0
"1701",109,8,"L1",11,"15/04/2025","D","25/03/2025",22,0
"1702",109,9,"L1",11,"15/04/2025","D","25/03/2025",22,0
"1703",109,10,"L1",11,"15/04/2025","D","25/03/2025",22,0
"1704",109,11,"L1",11,"15/04/2025","D","25/03/2025",22,0
"1705",109,12,"L1",11,"15/04/2025","D","25/03/2025",22,0
"1706",109,13,"L1",11,"15/04/2025","D","25/03/2025",22,0
"1707",109,14,"L1",11,"15/04/2025","D","25/03/2025",22,0
"1708",109,15,"L1",11,"15/04/2025","D","25/03/2025",22,0
"1709",109,16,"L1",11,"15/04/2025","D","25/03/2025",22,0
"1710",109,17,"L1",11,"15/04/2025","D","25/03/2025",22,0
"1711",109,18,"L1",11,"15/04/2025","D","25/03/2025",22,0
"1712",109,19,"L1",11,"15/04/2025","D","25/03/2025",22,0
"1713",109,20,"L1",11,"15/04/2025","D","25/03/2025",22,0
"1714",109,21,"L1",11,"15/04/2025","D","25/03/2025",22,1
"1715",110,1,"L1",11,"15/04/2025","D","25/03/2025",22,0
"1716",110,2,"L1",11,"15/04/2025","D","25/03/2025",22,0
"1717",110,3,"L1",11,NA,"D",NA,NA,0
"1718",110,4,"L1",11,"15/04/2025","D","25/03/2025",22,0
"1719",110,5,"L1",11,NA,"D",NA,NA,0
"1720",110,6,"L1",11,"15/04/2025","D","25/03/2025",22,0
"1721",110,7,"L1",11,"15/04/2025","D","25/03/2025",22,0
"1722",110,8,"L1",11,"15/04/2025","D","25/03/2025",22,0
"1723",110,9,"L1",11,"15/04/2025","D","25/03/2025",22,0
"1724",110,10,"L1",11,"15/04/2025","D","25/03/2025",22,0
"1725",110,11,"L1",11,"15/04/2025","D","25/03/2025",22,0
"1726",110,12,"L1",11,"15/04/2025","D","25/03/2025",22,0
"1727",110,13,"L1",11,"15/04/2025","D","25/03/2025",22,0
"1728",110,14,"L1",11,"15/04/2025","D","25/03/2025",22,0
"1729",110,15,"L1",11,"15/04/2025","D","25/03/2025",22,0
"1730",110,16,"L1",11,"15/04/2025","D","25/03/2025",22,0
"1731",110,17,"L1",11,"15/04/2025","D","25/03/2025",22,0
"1732",110,18,"L1",11,"15/04/2025","D","25/03/2025",22,0
"1733",110,19,"L1",11,"15/04/2025","D","25/03/2025",22,0
"1734",110,20,"L1",11,"15/04/2025","D","25/03/2025",22,0
"1735",110,21,"L1",11,"15/04/2025","D","25/03/2025",22,1
"1736",111,1,"L1",12,"03/04/2025","D","25/03/2025",10,0
"1737",111,2,"L1",12,"03/04/2025","D","25/03/2025",10,0
"1738",111,3,"L1",12,NA,"D",NA,NA,0
"1739",111,4,"L1",12,"03/04/2025","D","25/03/2025",10,0
"1740",111,5,"L1",12,NA,"D",NA,NA,0
"1741",111,6,"L1",12,"03/04/2025","D","25/03/2025",10,0
"1742",111,7,"L1",12,"03/04/2025","D","25/03/2025",10,0
"1743",111,8,"L1",12,"03/04/2025","D","25/03/2025",10,0
"1744",111,9,"L1",12,"03/04/2025","D","25/03/2025",10,1
"1745",114,1,"L1",12,"10/04/2025","D","25/03/2025",17,0
"1746",114,2,"L1",12,"10/04/2025","D","25/03/2025",17,0
"1747",114,3,"L1",12,NA,"D",NA,NA,0
"1748",114,4,"L1",12,"10/04/2025","D","25/03/2025",17,0
"1749",114,5,"L1",12,NA,"D",NA,NA,0
"1750",114,6,"L1",12,"10/04/2025","D","25/03/2025",17,0
"1751",114,7,"L1",12,"10/04/2025","D","25/03/2025",17,0
"1752",114,8,"L1",12,"10/04/2025","D","25/03/2025",17,0
"1753",114,9,"L1",12,"10/04/2025","D","25/03/2025",17,0
"1754",114,10,"L1",12,"10/04/2025","D","25/03/2025",17,0
"1755",114,11,"L1",12,"10/04/2025","D","25/03/2025",17,0
"1756",114,12,"L1",12,"10/04/2025","D","25/03/2025",17,0
"1757",114,13,"L1",12,"10/04/2025","D","25/03/2025",17,0
"1758",114,14,"L1",12,"10/04/2025","D","25/03/2025",17,0
"1759",114,15,"L1",12,"10/04/2025","D","25/03/2025",17,0
"1760",114,16,"L1",12,"10/04/2025","D","25/03/2025",17,1
"1761",115,1,"L1",12,"13/04/2025","D","25/03/2025",20,0
"1762",115,2,"L1",12,"13/04/2025","D","25/03/2025",20,0
"1763",115,3,"L1",12,NA,"D",NA,NA,0
"1764",115,4,"L1",12,"13/04/2025","D","25/03/2025",20,0
"1765",115,5,"L1",12,NA,"D",NA,NA,0
"1766",115,6,"L1",12,"13/04/2025","D","25/03/2025",20,0
"1767",115,7,"L1",12,"13/04/2025","D","25/03/2025",20,0
"1768",115,8,"L1",12,"13/04/2025","D","25/03/2025",20,0
"1769",115,9,"L1",12,"13/04/2025","D","25/03/2025",20,0
"1770",115,10,"L1",12,"13/04/2025","D","25/03/2025",20,0
"1771",115,11,"L1",12,"13/04/2025","D","25/03/2025",20,0
"1772",115,12,"L1",12,"13/04/2025","D","25/03/2025",20,0
"1773",115,13,"L1",12,"13/04/2025","D","25/03/2025",20,0
"1774",115,14,"L1",12,"13/04/2025","D","25/03/2025",20,0
"1775",115,15,"L1",12,"13/04/2025","D","25/03/2025",20,0
"1776",115,16,"L1",12,"13/04/2025","D","25/03/2025",20,0
"1777",115,17,"L1",12,"13/04/2025","D","25/03/2025",20,0
"1778",115,18,"L1",12,"13/04/2025","D","25/03/2025",20,0
"1779",115,19,"L1",12,"13/04/2025","D","25/03/2025",20,1
"1780",116,1,"L1",12,"14/04/2025","D","25/03/2025",21,0
"1781",116,2,"L1",12,"14/04/2025","D","25/03/2025",21,0
"1782",116,3,"L1",12,NA,"D",NA,NA,0
"1783",116,4,"L1",12,"14/04/2025","D","25/03/2025",21,0
"1784",116,5,"L1",12,NA,"D",NA,NA,0
"1785",116,6,"L1",12,"14/04/2025","D","25/03/2025",21,0
"1786",116,7,"L1",12,"14/04/2025","D","25/03/2025",21,0
"1787",116,8,"L1",12,"14/04/2025","D","25/03/2025",21,0
"1788",116,9,"L1",12,"14/04/2025","D","25/03/2025",21,0
"1789",116,10,"L1",12,"14/04/2025","D","25/03/2025",21,0
"1790",116,11,"L1",12,"14/04/2025","D","25/03/2025",21,0
"1791",116,12,"L1",12,"14/04/2025","D","25/03/2025",21,0
"1792",116,13,"L1",12,"14/04/2025","D","25/03/2025",21,0
"1793",116,14,"L1",12,"14/04/2025","D","25/03/2025",21,0
"1794",116,15,"L1",12,"14/04/2025","D","25/03/2025",21,0
"1795",116,16,"L1",12,"14/04/2025","D","25/03/2025",21,0
"1796",116,17,"L1",12,"14/04/2025","D","25/03/2025",21,0
"1797",116,18,"L1",12,"14/04/2025","D","25/03/2025",21,0
"1798",116,19,"L1",12,"14/04/2025","D","25/03/2025",21,0
"1799",116,20,"L1",12,"14/04/2025","D","25/03/2025",21,1
"1800",117,1,"L1",12,"14/04/2025","D","25/03/2025",21,0
"1801",117,2,"L1",12,"14/04/2025","D","25/03/2025",21,0
"1802",117,3,"L1",12,NA,"D",NA,NA,0
"1803",117,4,"L1",12,"14/04/2025","D","25/03/2025",21,0
"1804",117,5,"L1",12,NA,"D",NA,NA,0
"1805",117,6,"L1",12,"14/04/2025","D","25/03/2025",21,0
"1806",117,7,"L1",12,"14/04/2025","D","25/03/2025",21,0
"1807",117,8,"L1",12,"14/04/2025","D","25/03/2025",21,0
"1808",117,9,"L1",12,"14/04/2025","D","25/03/2025",21,0
"1809",117,10,"L1",12,"14/04/2025","D","25/03/2025",21,0
"1810",117,11,"L1",12,"14/04/2025","D","25/03/2025",21,0
"1811",117,12,"L1",12,"14/04/2025","D","25/03/2025",21,0
"1812",117,13,"L1",12,"14/04/2025","D","25/03/2025",21,0
"1813",117,14,"L1",12,"14/04/2025","D","25/03/2025",21,0
"1814",117,15,"L1",12,"14/04/2025","D","25/03/2025",21,0
"1815",117,16,"L1",12,"14/04/2025","D","25/03/2025",21,0
"1816",117,17,"L1",12,"14/04/2025","D","25/03/2025",21,0
"1817",117,18,"L1",12,"14/04/2025","D","25/03/2025",21,0
"1818",117,19,"L1",12,"14/04/2025","D","25/03/2025",21,0
"1819",117,20,"L1",12,"14/04/2025","D","25/03/2025",21,1
"1820",118,1,"L1",12,"15/04/2025","D","25/03/2025",22,0
"1821",118,2,"L1",12,"15/04/2025","D","25/03/2025",22,0
"1822",118,3,"L1",12,NA,"D",NA,NA,0
"1823",118,4,"L1",12,"15/04/2025","D","25/03/2025",22,0
"1824",118,5,"L1",12,NA,"D",NA,NA,0
"1825",118,6,"L1",12,"15/04/2025","D","25/03/2025",22,0
"1826",118,7,"L1",12,"15/04/2025","D","25/03/2025",22,0
"1827",118,8,"L1",12,"15/04/2025","D","25/03/2025",22,0
"1828",118,9,"L1",12,"15/04/2025","D","25/03/2025",22,0
"1829",118,10,"L1",12,"15/04/2025","D","25/03/2025",22,0
"1830",118,11,"L1",12,"15/04/2025","D","25/03/2025",22,0
"1831",118,12,"L1",12,"15/04/2025","D","25/03/2025",22,0
"1832",118,13,"L1",12,"15/04/2025","D","25/03/2025",22,0
"1833",118,14,"L1",12,"15/04/2025","D","25/03/2025",22,0
"1834",118,15,"L1",12,"15/04/2025","D","25/03/2025",22,0
"1835",118,16,"L1",12,"15/04/2025","D","25/03/2025",22,0
"1836",118,17,"L1",12,"15/04/2025","D","25/03/2025",22,0
"1837",118,18,"L1",12,"15/04/2025","D","25/03/2025",22,0
"1838",118,19,"L1",12,"15/04/2025","D","25/03/2025",22,0
"1839",118,20,"L1",12,"15/04/2025","D","25/03/2025",22,0
"1840",118,21,"L1",12,"15/04/2025","D","25/03/2025",22,1
"1841",119,1,"L1",12,"16/04/2025","D","25/03/2025",23,0
"1842",119,2,"L1",12,"16/04/2025","D","25/03/2025",23,0
"1843",119,3,"L1",12,NA,"D",NA,NA,0
"1844",119,4,"L1",12,"16/04/2025","D","25/03/2025",23,0
"1845",119,5,"L1",12,NA,"D",NA,NA,0
"1846",119,6,"L1",12,"16/04/2025","D","25/03/2025",23,0
"1847",119,7,"L1",12,"16/04/2025","D","25/03/2025",23,0
"1848",119,8,"L1",12,"16/04/2025","D","25/03/2025",23,0
"1849",119,9,"L1",12,"16/04/2025","D","25/03/2025",23,0
"1850",119,10,"L1",12,"16/04/2025","D","25/03/2025",23,0
"1851",119,11,"L1",12,"16/04/2025","D","25/03/2025",23,0
"1852",119,12,"L1",12,"16/04/2025","D","25/03/2025",23,0
"1853",119,13,"L1",12,"16/04/2025","D","25/03/2025",23,0
"1854",119,14,"L1",12,"16/04/2025","D","25/03/2025",23,0
"1855",119,15,"L1",12,"16/04/2025","D","25/03/2025",23,0
"1856",119,16,"L1",12,"16/04/2025","D","25/03/2025",23,0
"1857",119,17,"L1",12,"16/04/2025","D","25/03/2025",23,0
"1858",119,18,"L1",12,"16/04/2025","D","25/03/2025",23,0
"1859",119,19,"L1",12,"16/04/2025","D","25/03/2025",23,0
"1860",119,20,"L1",12,"16/04/2025","D","25/03/2025",23,0
"1861",119,21,"L1",12,"16/04/2025","D","25/03/2025",23,0
"1862",119,22,"L1",12,"16/04/2025","D","25/03/2025",23,1
"1863",120,1,"L1",12,"19/04/2025","D","25/03/2025",26,0
"1864",120,2,"L1",12,"19/04/2025","D","25/03/2025",26,0
"1865",120,3,"L1",12,NA,"D",NA,NA,0
"1866",120,4,"L1",12,"19/04/2025","D","25/03/2025",26,0
"1867",120,5,"L1",12,NA,"D",NA,NA,0
"1868",120,6,"L1",12,"19/04/2025","D","25/03/2025",26,0
"1869",120,7,"L1",12,"19/04/2025","D","25/03/2025",26,0
"1870",120,8,"L1",12,"19/04/2025","D","25/03/2025",26,0
"1871",120,9,"L1",12,"19/04/2025","D","25/03/2025",26,0
"1872",120,10,"L1",12,"19/04/2025","D","25/03/2025",26,0
"1873",120,11,"L1",12,"19/04/2025","D","25/03/2025",26,0
"1874",120,12,"L1",12,"19/04/2025","D","25/03/2025",26,0
"1875",120,13,"L1",12,"19/04/2025","D","25/03/2025",26,0
"1876",120,14,"L1",12,"19/04/2025","D","25/03/2025",26,0
"1877",120,15,"L1",12,"19/04/2025","D","25/03/2025",26,0
"1878",120,16,"L1",12,"19/04/2025","D","25/03/2025",26,0
"1879",120,17,"L1",12,"19/04/2025","D","25/03/2025",26,0
"1880",120,18,"L1",12,"19/04/2025","D","25/03/2025",26,0
"1881",120,19,"L1",12,"19/04/2025","D","25/03/2025",26,0
"1882",120,20,"L1",12,"19/04/2025","D","25/03/2025",26,0
"1883",120,21,"L1",12,"19/04/2025","D","25/03/2025",26,0
"1884",120,22,"L1",12,"19/04/2025","D","25/03/2025",26,0
"1885",120,23,"L1",12,"19/04/2025","D","25/03/2025",26,0
"1886",120,24,"L1",12,"19/04/2025","D","25/03/2025",26,0
"1887",120,25,"L1",12,"19/04/2025","D","25/03/2025",26,1
"1888",121,1,"L1",13,"29/03/2025","D","25/03/2025",5,0
"1889",121,2,"L1",13,"29/03/2025","D","25/03/2025",5,0
"1890",121,3,"L1",13,NA,"D",NA,NA,0
"1891",121,4,"L1",13,"29/03/2025","D","25/03/2025",5,1
"1892",125,1,"L1",13,"13/04/2025","D","25/03/2025",20,0
"1893",125,2,"L1",13,"13/04/2025","D","25/03/2025",20,0
"1894",125,3,"L1",13,NA,"D",NA,NA,0
"1895",125,4,"L1",13,"13/04/2025","D","25/03/2025",20,0
"1896",125,5,"L1",13,NA,"D",NA,NA,0
"1897",125,6,"L1",13,"13/04/2025","D","25/03/2025",20,0
"1898",125,7,"L1",13,"13/04/2025","D","25/03/2025",20,0
"1899",125,8,"L1",13,"13/04/2025","D","25/03/2025",20,0
"1900",125,9,"L1",13,"13/04/2025","D","25/03/2025",20,0
"1901",125,10,"L1",13,"13/04/2025","D","25/03/2025",20,0
"1902",125,11,"L1",13,"13/04/2025","D","25/03/2025",20,0
"1903",125,12,"L1",13,"13/04/2025","D","25/03/2025",20,0
"1904",125,13,"L1",13,"13/04/2025","D","25/03/2025",20,0
"1905",125,14,"L1",13,"13/04/2025","D","25/03/2025",20,0
"1906",125,15,"L1",13,"13/04/2025","D","25/03/2025",20,0
"1907",125,16,"L1",13,"13/04/2025","D","25/03/2025",20,0
"1908",125,17,"L1",13,"13/04/2025","D","25/03/2025",20,0
"1909",125,18,"L1",13,"13/04/2025","D","25/03/2025",20,0
"1910",125,19,"L1",13,"13/04/2025","D","25/03/2025",20,1
"1911",126,1,"L1",13,"13/04/2025","D","25/03/2025",20,0
"1912",126,2,"L1",13,"13/04/2025","D","25/03/2025",20,0
"1913",126,3,"L1",13,NA,"D",NA,NA,0
"1914",126,4,"L1",13,"13/04/2025","D","25/03/2025",20,0
"1915",126,5,"L1",13,NA,"D",NA,NA,0
"1916",126,6,"L1",13,"13/04/2025","D","25/03/2025",20,0
"1917",126,7,"L1",13,"13/04/2025","D","25/03/2025",20,0
"1918",126,8,"L1",13,"13/04/2025","D","25/03/2025",20,0
"1919",126,9,"L1",13,"13/04/2025","D","25/03/2025",20,0
"1920",126,10,"L1",13,"13/04/2025","D","25/03/2025",20,0
"1921",126,11,"L1",13,"13/04/2025","D","25/03/2025",20,0
"1922",126,12,"L1",13,"13/04/2025","D","25/03/2025",20,0
"1923",126,13,"L1",13,"13/04/2025","D","25/03/2025",20,0
"1924",126,14,"L1",13,"13/04/2025","D","25/03/2025",20,0
"1925",126,15,"L1",13,"13/04/2025","D","25/03/2025",20,0
"1926",126,16,"L1",13,"13/04/2025","D","25/03/2025",20,0
"1927",126,17,"L1",13,"13/04/2025","D","25/03/2025",20,0
"1928",126,18,"L1",13,"13/04/2025","D","25/03/2025",20,0
"1929",126,19,"L1",13,"13/04/2025","D","25/03/2025",20,1
"1930",127,1,"L1",13,"13/04/2025","D","25/03/2025",20,0
"1931",127,2,"L1",13,"13/04/2025","D","25/03/2025",20,0
"1932",127,3,"L1",13,NA,"D",NA,NA,0
"1933",127,4,"L1",13,"13/04/2025","D","25/03/2025",20,0
"1934",127,5,"L1",13,NA,"D",NA,NA,0
"1935",127,6,"L1",13,"13/04/2025","D","25/03/2025",20,0
"1936",127,7,"L1",13,"13/04/2025","D","25/03/2025",20,0
"1937",127,8,"L1",13,"13/04/2025","D","25/03/2025",20,0
"1938",127,9,"L1",13,"13/04/2025","D","25/03/2025",20,0
"1939",127,10,"L1",13,"13/04/2025","D","25/03/2025",20,0
"1940",127,11,"L1",13,"13/04/2025","D","25/03/2025",20,0
"1941",127,12,"L1",13,"13/04/2025","D","25/03/2025",20,0
"1942",127,13,"L1",13,"13/04/2025","D","25/03/2025",20,0
"1943",127,14,"L1",13,"13/04/2025","D","25/03/2025",20,0
"1944",127,15,"L1",13,"13/04/2025","D","25/03/2025",20,0
"1945",127,16,"L1",13,"13/04/2025","D","25/03/2025",20,0
"1946",127,17,"L1",13,"13/04/2025","D","25/03/2025",20,0
"1947",127,18,"L1",13,"13/04/2025","D","25/03/2025",20,0
"1948",127,19,"L1",13,"13/04/2025","D","25/03/2025",20,1
"1949",128,1,"L1",13,"15/04/2025","D","25/03/2025",22,0
"1950",128,2,"L1",13,"15/04/2025","D","25/03/2025",22,0
"1951",128,3,"L1",13,NA,"D",NA,NA,0
"1952",128,4,"L1",13,"15/04/2025","D","25/03/2025",22,0
"1953",128,5,"L1",13,NA,"D",NA,NA,0
"1954",128,6,"L1",13,"15/04/2025","D","25/03/2025",22,0
"1955",128,7,"L1",13,"15/04/2025","D","25/03/2025",22,0
"1956",128,8,"L1",13,"15/04/2025","D","25/03/2025",22,0
"1957",128,9,"L1",13,"15/04/2025","D","25/03/2025",22,0
"1958",128,10,"L1",13,"15/04/2025","D","25/03/2025",22,0
"1959",128,11,"L1",13,"15/04/2025","D","25/03/2025",22,0
"1960",128,12,"L1",13,"15/04/2025","D","25/03/2025",22,0
"1961",128,13,"L1",13,"15/04/2025","D","25/03/2025",22,0
"1962",128,14,"L1",13,"15/04/2025","D","25/03/2025",22,0
"1963",128,15,"L1",13,"15/04/2025","D","25/03/2025",22,0
"1964",128,16,"L1",13,"15/04/2025","D","25/03/2025",22,0
"1965",128,17,"L1",13,"15/04/2025","D","25/03/2025",22,0
"1966",128,18,"L1",13,"15/04/2025","D","25/03/2025",22,0
"1967",128,19,"L1",13,"15/04/2025","D","25/03/2025",22,0
"1968",128,20,"L1",13,"15/04/2025","D","25/03/2025",22,0
"1969",128,21,"L1",13,"15/04/2025","D","25/03/2025",22,1
"1970",129,1,"L1",13,"15/04/2025","D","25/03/2025",22,0
"1971",129,2,"L1",13,"15/04/2025","D","25/03/2025",22,0
"1972",129,3,"L1",13,NA,"D",NA,NA,0
"1973",129,4,"L1",13,"15/04/2025","D","25/03/2025",22,0
"1974",129,5,"L1",13,NA,"D",NA,NA,0
"1975",129,6,"L1",13,"15/04/2025","D","25/03/2025",22,0
"1976",129,7,"L1",13,"15/04/2025","D","25/03/2025",22,0
"1977",129,8,"L1",13,"15/04/2025","D","25/03/2025",22,0
"1978",129,9,"L1",13,"15/04/2025","D","25/03/2025",22,0
"1979",129,10,"L1",13,"15/04/2025","D","25/03/2025",22,0
"1980",129,11,"L1",13,"15/04/2025","D","25/03/2025",22,0
"1981",129,12,"L1",13,"15/04/2025","D","25/03/2025",22,0
"1982",129,13,"L1",13,"15/04/2025","D","25/03/2025",22,0
"1983",129,14,"L1",13,"15/04/2025","D","25/03/2025",22,0
"1984",129,15,"L1",13,"15/04/2025","D","25/03/2025",22,0
"1985",129,16,"L1",13,"15/04/2025","D","25/03/2025",22,0
"1986",129,17,"L1",13,"15/04/2025","D","25/03/2025",22,0
"1987",129,18,"L1",13,"15/04/2025","D","25/03/2025",22,0
"1988",129,19,"L1",13,"15/04/2025","D","25/03/2025",22,0
"1989",129,20,"L1",13,"15/04/2025","D","25/03/2025",22,0
"1990",129,21,"L1",13,"15/04/2025","D","25/03/2025",22,1
"1991",130,1,"L1",13,"18/04/2025","D","25/03/2025",25,0
"1992",130,2,"L1",13,"18/04/2025","D","25/03/2025",25,0
"1993",130,3,"L1",13,NA,"D",NA,NA,0
"1994",130,4,"L1",13,"18/04/2025","D","25/03/2025",25,0
"1995",130,5,"L1",13,NA,"D",NA,NA,0
"1996",130,6,"L1",13,"18/04/2025","D","25/03/2025",25,0
"1997",130,7,"L1",13,"18/04/2025","D","25/03/2025",25,0
"1998",130,8,"L1",13,"18/04/2025","D","25/03/2025",25,0
"1999",130,9,"L1",13,"18/04/2025","D","25/03/2025",25,0
"2000",130,10,"L1",13,"18/04/2025","D","25/03/2025",25,0
"2001",130,11,"L1",13,"18/04/2025","D","25/03/2025",25,0
"2002",130,12,"L1",13,"18/04/2025","D","25/03/2025",25,0
"2003",130,13,"L1",13,"18/04/2025","D","25/03/2025",25,0
"2004",130,14,"L1",13,"18/04/2025","D","25/03/2025",25,0
"2005",130,15,"L1",13,"18/04/2025","D","25/03/2025",25,0
"2006",130,16,"L1",13,"18/04/2025","D","25/03/2025",25,0
"2007",130,17,"L1",13,"18/04/2025","D","25/03/2025",25,0
"2008",130,18,"L1",13,"18/04/2025","D","25/03/2025",25,0
"2009",130,19,"L1",13,"18/04/2025","D","25/03/2025",25,0
"2010",130,20,"L1",13,"18/04/2025","D","25/03/2025",25,0
"2011",130,21,"L1",13,"18/04/2025","D","25/03/2025",25,0
"2012",130,22,"L1",13,"18/04/2025","D","25/03/2025",25,0
"2013",130,23,"L1",13,"18/04/2025","D","25/03/2025",25,0
"2014",130,24,"L1",13,"18/04/2025","D","25/03/2025",25,1
"2015",132,1,"L1",14,"09/04/2025","D","25/03/2025",16,0
"2016",132,2,"L1",14,"09/04/2025","D","25/03/2025",16,0
"2017",132,3,"L1",14,NA,"D",NA,NA,0
"2018",132,4,"L1",14,"09/04/2025","D","25/03/2025",16,0
"2019",132,5,"L1",14,NA,"D",NA,NA,0
"2020",132,6,"L1",14,"09/04/2025","D","25/03/2025",16,0
"2021",132,7,"L1",14,"09/04/2025","D","25/03/2025",16,0
"2022",132,8,"L1",14,"09/04/2025","D","25/03/2025",16,0
"2023",132,9,"L1",14,"09/04/2025","D","25/03/2025",16,0
"2024",132,10,"L1",14,"09/04/2025","D","25/03/2025",16,0
"2025",132,11,"L1",14,"09/04/2025","D","25/03/2025",16,0
"2026",132,12,"L1",14,"09/04/2025","D","25/03/2025",16,0
"2027",132,13,"L1",14,"09/04/2025","D","25/03/2025",16,0
"2028",132,14,"L1",14,"09/04/2025","D","25/03/2025",16,0
"2029",132,15,"L1",14,"09/04/2025","D","25/03/2025",16,1
"2030",133,1,"L1",14,"10/04/2025","D","25/03/2025",17,0
"2031",133,2,"L1",14,"10/04/2025","D","25/03/2025",17,0
"2032",133,3,"L1",14,NA,"D",NA,NA,0
"2033",133,4,"L1",14,"10/04/2025","D","25/03/2025",17,0
"2034",133,5,"L1",14,NA,"D",NA,NA,0
"2035",133,6,"L1",14,"10/04/2025","D","25/03/2025",17,0
"2036",133,7,"L1",14,"10/04/2025","D","25/03/2025",17,0
"2037",133,8,"L1",14,"10/04/2025","D","25/03/2025",17,0
"2038",133,9,"L1",14,"10/04/2025","D","25/03/2025",17,0
"2039",133,10,"L1",14,"10/04/2025","D","25/03/2025",17,0
"2040",133,11,"L1",14,"10/04/2025","D","25/03/2025",17,0
"2041",133,12,"L1",14,"10/04/2025","D","25/03/2025",17,0
"2042",133,13,"L1",14,"10/04/2025","D","25/03/2025",17,0
"2043",133,14,"L1",14,"10/04/2025","D","25/03/2025",17,0
"2044",133,15,"L1",14,"10/04/2025","D","25/03/2025",17,0
"2045",133,16,"L1",14,"10/04/2025","D","25/03/2025",17,1
"2046",134,1,"L1",14,"10/04/2025","D","25/03/2025",17,0
"2047",134,2,"L1",14,"10/04/2025","D","25/03/2025",17,0
"2048",134,3,"L1",14,NA,"D",NA,NA,0
"2049",134,4,"L1",14,"10/04/2025","D","25/03/2025",17,0
"2050",134,5,"L1",14,NA,"D",NA,NA,0
"2051",134,6,"L1",14,"10/04/2025","D","25/03/2025",17,0
"2052",134,7,"L1",14,"10/04/2025","D","25/03/2025",17,0
"2053",134,8,"L1",14,"10/04/2025","D","25/03/2025",17,0
"2054",134,9,"L1",14,"10/04/2025","D","25/03/2025",17,0
"2055",134,10,"L1",14,"10/04/2025","D","25/03/2025",17,0
"2056",134,11,"L1",14,"10/04/2025","D","25/03/2025",17,0
"2057",134,12,"L1",14,"10/04/2025","D","25/03/2025",17,0
"2058",134,13,"L1",14,"10/04/2025","D","25/03/2025",17,0
"2059",134,14,"L1",14,"10/04/2025","D","25/03/2025",17,0
"2060",134,15,"L1",14,"10/04/2025","D","25/03/2025",17,0
"2061",134,16,"L1",14,"10/04/2025","D","25/03/2025",17,1
"2062",135,1,"L1",14,"11/04/2025","D","25/03/2025",18,0
"2063",135,2,"L1",14,"11/04/2025","D","25/03/2025",18,0
"2064",135,3,"L1",14,NA,"D",NA,NA,0
"2065",135,4,"L1",14,"11/04/2025","D","25/03/2025",18,0
"2066",135,5,"L1",14,NA,"D",NA,NA,0
"2067",135,6,"L1",14,"11/04/2025","D","25/03/2025",18,0
"2068",135,7,"L1",14,"11/04/2025","D","25/03/2025",18,0
"2069",135,8,"L1",14,"11/04/2025","D","25/03/2025",18,0
"2070",135,9,"L1",14,"11/04/2025","D","25/03/2025",18,0
"2071",135,10,"L1",14,"11/04/2025","D","25/03/2025",18,0
"2072",135,11,"L1",14,"11/04/2025","D","25/03/2025",18,0
"2073",135,12,"L1",14,"11/04/2025","D","25/03/2025",18,0
"2074",135,13,"L1",14,"11/04/2025","D","25/03/2025",18,0
"2075",135,14,"L1",14,"11/04/2025","D","25/03/2025",18,0
"2076",135,15,"L1",14,"11/04/2025","D","25/03/2025",18,0
"2077",135,16,"L1",14,"11/04/2025","D","25/03/2025",18,0
"2078",135,17,"L1",14,"11/04/2025","D","25/03/2025",18,1
"2079",136,1,"L1",14,"11/04/2025","D","25/03/2025",18,0
"2080",136,2,"L1",14,"11/04/2025","D","25/03/2025",18,0
"2081",136,3,"L1",14,NA,"D",NA,NA,0
"2082",136,4,"L1",14,"11/04/2025","D","25/03/2025",18,0
"2083",136,5,"L1",14,NA,"D",NA,NA,0
"2084",136,6,"L1",14,"11/04/2025","D","25/03/2025",18,0
"2085",136,7,"L1",14,"11/04/2025","D","25/03/2025",18,0
"2086",136,8,"L1",14,"11/04/2025","D","25/03/2025",18,0
"2087",136,9,"L1",14,"11/04/2025","D","25/03/2025",18,0
"2088",136,10,"L1",14,"11/04/2025","D","25/03/2025",18,0
"2089",136,11,"L1",14,"11/04/2025","D","25/03/2025",18,0
"2090",136,12,"L1",14,"11/04/2025","D","25/03/2025",18,0
"2091",136,13,"L1",14,"11/04/2025","D","25/03/2025",18,0
"2092",136,14,"L1",14,"11/04/2025","D","25/03/2025",18,0
"2093",136,15,"L1",14,"11/04/2025","D","25/03/2025",18,0
"2094",136,16,"L1",14,"11/04/2025","D","25/03/2025",18,0
"2095",136,17,"L1",14,"11/04/2025","D","25/03/2025",18,1
"2096",137,1,"L1",14,"11/04/2025","D","25/03/2025",18,0
"2097",137,2,"L1",14,"11/04/2025","D","25/03/2025",18,0
"2098",137,3,"L1",14,NA,"D",NA,NA,0
"2099",137,4,"L1",14,"11/04/2025","D","25/03/2025",18,0
"2100",137,5,"L1",14,NA,"D",NA,NA,0
"2101",137,6,"L1",14,"11/04/2025","D","25/03/2025",18,0
"2102",137,7,"L1",14,"11/04/2025","D","25/03/2025",18,0
"2103",137,8,"L1",14,"11/04/2025","D","25/03/2025",18,0
"2104",137,9,"L1",14,"11/04/2025","D","25/03/2025",18,0
"2105",137,10,"L1",14,"11/04/2025","D","25/03/2025",18,0
"2106",137,11,"L1",14,"11/04/2025","D","25/03/2025",18,0
"2107",137,12,"L1",14,"11/04/2025","D","25/03/2025",18,0
"2108",137,13,"L1",14,"11/04/2025","D","25/03/2025",18,0
"2109",137,14,"L1",14,"11/04/2025","D","25/03/2025",18,0
"2110",137,15,"L1",14,"11/04/2025","D","25/03/2025",18,0
"2111",137,16,"L1",14,"11/04/2025","D","25/03/2025",18,0
"2112",137,17,"L1",14,"11/04/2025","D","25/03/2025",18,1
"2113",138,1,"L1",14,"12/04/2025","D","25/03/2025",19,0
"2114",138,2,"L1",14,"12/04/2025","D","25/03/2025",19,0
"2115",138,3,"L1",14,NA,"D",NA,NA,0
"2116",138,4,"L1",14,"12/04/2025","D","25/03/2025",19,0
"2117",138,5,"L1",14,NA,"D",NA,NA,0
"2118",138,6,"L1",14,"12/04/2025","D","25/03/2025",19,0
"2119",138,7,"L1",14,"12/04/2025","D","25/03/2025",19,0
"2120",138,8,"L1",14,"12/04/2025","D","25/03/2025",19,0
"2121",138,9,"L1",14,"12/04/2025","D","25/03/2025",19,0
"2122",138,10,"L1",14,"12/04/2025","D","25/03/2025",19,0
"2123",138,11,"L1",14,"12/04/2025","D","25/03/2025",19,0
"2124",138,12,"L1",14,"12/04/2025","D","25/03/2025",19,0
"2125",138,13,"L1",14,"12/04/2025","D","25/03/2025",19,0
"2126",138,14,"L1",14,"12/04/2025","D","25/03/2025",19,0
"2127",138,15,"L1",14,"12/04/2025","D","25/03/2025",19,0
"2128",138,16,"L1",14,"12/04/2025","D","25/03/2025",19,0
"2129",138,17,"L1",14,"12/04/2025","D","25/03/2025",19,0
"2130",138,18,"L1",14,"12/04/2025","D","25/03/2025",19,1
"2131",139,1,"L1",14,"13/04/2025","D","25/03/2025",20,0
"2132",139,2,"L1",14,"13/04/2025","D","25/03/2025",20,0
"2133",139,3,"L1",14,NA,"D",NA,NA,0
"2134",139,4,"L1",14,"13/04/2025","D","25/03/2025",20,0
"2135",139,5,"L1",14,NA,"D",NA,NA,0
"2136",139,6,"L1",14,"13/04/2025","D","25/03/2025",20,0
"2137",139,7,"L1",14,"13/04/2025","D","25/03/2025",20,0
"2138",139,8,"L1",14,"13/04/2025","D","25/03/2025",20,0
"2139",139,9,"L1",14,"13/04/2025","D","25/03/2025",20,0
"2140",139,10,"L1",14,"13/04/2025","D","25/03/2025",20,0
"2141",139,11,"L1",14,"13/04/2025","D","25/03/2025",20,0
"2142",139,12,"L1",14,"13/04/2025","D","25/03/2025",20,0
"2143",139,13,"L1",14,"13/04/2025","D","25/03/2025",20,0
"2144",139,14,"L1",14,"13/04/2025","D","25/03/2025",20,0
"2145",139,15,"L1",14,"13/04/2025","D","25/03/2025",20,0
"2146",139,16,"L1",14,"13/04/2025","D","25/03/2025",20,0
"2147",139,17,"L1",14,"13/04/2025","D","25/03/2025",20,0
"2148",139,18,"L1",14,"13/04/2025","D","25/03/2025",20,0
"2149",139,19,"L1",14,"13/04/2025","D","25/03/2025",20,1
"2150",140,1,"L1",14,"16/04/2025","D","25/03/2025",23,0
"2151",140,2,"L1",14,"16/04/2025","D","25/03/2025",23,0
"2152",140,3,"L1",14,NA,"D",NA,NA,0
"2153",140,4,"L1",14,"16/04/2025","D","25/03/2025",23,0
"2154",140,5,"L1",14,NA,"D",NA,NA,0
"2155",140,6,"L1",14,"16/04/2025","D","25/03/2025",23,0
"2156",140,7,"L1",14,"16/04/2025","D","25/03/2025",23,0
"2157",140,8,"L1",14,"16/04/2025","D","25/03/2025",23,0
"2158",140,9,"L1",14,"16/04/2025","D","25/03/2025",23,0
"2159",140,10,"L1",14,"16/04/2025","D","25/03/2025",23,0
"2160",140,11,"L1",14,"16/04/2025","D","25/03/2025",23,0
"2161",140,12,"L1",14,"16/04/2025","D","25/03/2025",23,0
"2162",140,13,"L1",14,"16/04/2025","D","25/03/2025",23,0
"2163",140,14,"L1",14,"16/04/2025","D","25/03/2025",23,0
"2164",140,15,"L1",14,"16/04/2025","D","25/03/2025",23,0
"2165",140,16,"L1",14,"16/04/2025","D","25/03/2025",23,0
"2166",140,17,"L1",14,"16/04/2025","D","25/03/2025",23,0
"2167",140,18,"L1",14,"16/04/2025","D","25/03/2025",23,0
"2168",140,19,"L1",14,"16/04/2025","D","25/03/2025",23,0
"2169",140,20,"L1",14,"16/04/2025","D","25/03/2025",23,0
"2170",140,21,"L1",14,"16/04/2025","D","25/03/2025",23,0
"2171",140,22,"L1",14,"16/04/2025","D","25/03/2025",23,1
"2172",141,1,"L1",15,"08/04/2025","D","25/03/2025",15,0
"2173",141,2,"L1",15,"08/04/2025","D","25/03/2025",15,0
"2174",141,3,"L1",15,NA,"D",NA,NA,0
"2175",141,4,"L1",15,"08/04/2025","D","25/03/2025",15,0
"2176",141,5,"L1",15,NA,"D",NA,NA,0
"2177",141,6,"L1",15,"08/04/2025","D","25/03/2025",15,0
"2178",141,7,"L1",15,"08/04/2025","D","25/03/2025",15,0
"2179",141,8,"L1",15,"08/04/2025","D","25/03/2025",15,0
"2180",141,9,"L1",15,"08/04/2025","D","25/03/2025",15,0
"2181",141,10,"L1",15,"08/04/2025","D","25/03/2025",15,0
"2182",141,11,"L1",15,"08/04/2025","D","25/03/2025",15,0
"2183",141,12,"L1",15,"08/04/2025","D","25/03/2025",15,0
"2184",141,13,"L1",15,"08/04/2025","D","25/03/2025",15,0
"2185",141,14,"L1",15,"08/04/2025","D","25/03/2025",15,1
"2186",142,1,"L1",15,"10/04/2025","D","25/03/2025",17,0
"2187",142,2,"L1",15,"10/04/2025","D","25/03/2025",17,0
"2188",142,3,"L1",15,NA,"D",NA,NA,0
"2189",142,4,"L1",15,"10/04/2025","D","25/03/2025",17,0
"2190",142,5,"L1",15,NA,"D",NA,NA,0
"2191",142,6,"L1",15,"10/04/2025","D","25/03/2025",17,0
"2192",142,7,"L1",15,"10/04/2025","D","25/03/2025",17,0
"2193",142,8,"L1",15,"10/04/2025","D","25/03/2025",17,0
"2194",142,9,"L1",15,"10/04/2025","D","25/03/2025",17,0
"2195",142,10,"L1",15,"10/04/2025","D","25/03/2025",17,0
"2196",142,11,"L1",15,"10/04/2025","D","25/03/2025",17,0
"2197",142,12,"L1",15,"10/04/2025","D","25/03/2025",17,0
"2198",142,13,"L1",15,"10/04/2025","D","25/03/2025",17,0
"2199",142,14,"L1",15,"10/04/2025","D","25/03/2025",17,0
"2200",142,15,"L1",15,"10/04/2025","D","25/03/2025",17,0
"2201",142,16,"L1",15,"10/04/2025","D","25/03/2025",17,1
"2202",143,1,"L1",15,"11/04/2025","D","25/03/2025",18,0
"2203",143,2,"L1",15,"11/04/2025","D","25/03/2025",18,0
"2204",143,3,"L1",15,NA,"D",NA,NA,0
"2205",143,4,"L1",15,"11/04/2025","D","25/03/2025",18,0
"2206",143,5,"L1",15,NA,"D",NA,NA,0
"2207",143,6,"L1",15,"11/04/2025","D","25/03/2025",18,0
"2208",143,7,"L1",15,"11/04/2025","D","25/03/2025",18,0
"2209",143,8,"L1",15,"11/04/2025","D","25/03/2025",18,0
"2210",143,9,"L1",15,"11/04/2025","D","25/03/2025",18,0
"2211",143,10,"L1",15,"11/04/2025","D","25/03/2025",18,0
"2212",143,11,"L1",15,"11/04/2025","D","25/03/2025",18,0
"2213",143,12,"L1",15,"11/04/2025","D","25/03/2025",18,0
"2214",143,13,"L1",15,"11/04/2025","D","25/03/2025",18,0
"2215",143,14,"L1",15,"11/04/2025","D","25/03/2025",18,0
"2216",143,15,"L1",15,"11/04/2025","D","25/03/2025",18,0
"2217",143,16,"L1",15,"11/04/2025","D","25/03/2025",18,0
"2218",143,17,"L1",15,"11/04/2025","D","25/03/2025",18,1
"2219",144,1,"L1",15,"11/04/2025","D","25/03/2025",18,0
"2220",144,2,"L1",15,"11/04/2025","D","25/03/2025",18,0
"2221",144,3,"L1",15,NA,"D",NA,NA,0
"2222",144,4,"L1",15,"11/04/2025","D","25/03/2025",18,0
"2223",144,5,"L1",15,NA,"D",NA,NA,0
"2224",144,6,"L1",15,"11/04/2025","D","25/03/2025",18,0
"2225",144,7,"L1",15,"11/04/2025","D","25/03/2025",18,0
"2226",144,8,"L1",15,"11/04/2025","D","25/03/2025",18,0
"2227",144,9,"L1",15,"11/04/2025","D","25/03/2025",18,0
"2228",144,10,"L1",15,"11/04/2025","D","25/03/2025",18,0
"2229",144,11,"L1",15,"11/04/2025","D","25/03/2025",18,0
"2230",144,12,"L1",15,"11/04/2025","D","25/03/2025",18,0
"2231",144,13,"L1",15,"11/04/2025","D","25/03/2025",18,0
"2232",144,14,"L1",15,"11/04/2025","D","25/03/2025",18,0
"2233",144,15,"L1",15,"11/04/2025","D","25/03/2025",18,0
"2234",144,16,"L1",15,"11/04/2025","D","25/03/2025",18,0
"2235",144,17,"L1",15,"11/04/2025","D","25/03/2025",18,1
"2236",145,1,"L1",15,"12/04/2025","D","25/03/2025",19,0
"2237",145,2,"L1",15,"12/04/2025","D","25/03/2025",19,0
"2238",145,3,"L1",15,NA,"D",NA,NA,0
"2239",145,4,"L1",15,"12/04/2025","D","25/03/2025",19,0
"2240",145,5,"L1",15,NA,"D",NA,NA,0
"2241",145,6,"L1",15,"12/04/2025","D","25/03/2025",19,0
"2242",145,7,"L1",15,"12/04/2025","D","25/03/2025",19,0
"2243",145,8,"L1",15,"12/04/2025","D","25/03/2025",19,0
"2244",145,9,"L1",15,"12/04/2025","D","25/03/2025",19,0
"2245",145,10,"L1",15,"12/04/2025","D","25/03/2025",19,0
"2246",145,11,"L1",15,"12/04/2025","D","25/03/2025",19,0
"2247",145,12,"L1",15,"12/04/2025","D","25/03/2025",19,0
"2248",145,13,"L1",15,"12/04/2025","D","25/03/2025",19,0
"2249",145,14,"L1",15,"12/04/2025","D","25/03/2025",19,0
"2250",145,15,"L1",15,"12/04/2025","D","25/03/2025",19,0
"2251",145,16,"L1",15,"12/04/2025","D","25/03/2025",19,0
"2252",145,17,"L1",15,"12/04/2025","D","25/03/2025",19,0
"2253",145,18,"L1",15,"12/04/2025","D","25/03/2025",19,1
"2254",146,1,"L1",15,"13/04/2025","D","25/03/2025",20,0
"2255",146,2,"L1",15,"13/04/2025","D","25/03/2025",20,0
"2256",146,3,"L1",15,NA,"D",NA,NA,0
"2257",146,4,"L1",15,"13/04/2025","D","25/03/2025",20,0
"2258",146,5,"L1",15,NA,"D",NA,NA,0
"2259",146,6,"L1",15,"13/04/2025","D","25/03/2025",20,0
"2260",146,7,"L1",15,"13/04/2025","D","25/03/2025",20,0
"2261",146,8,"L1",15,"13/04/2025","D","25/03/2025",20,0
"2262",146,9,"L1",15,"13/04/2025","D","25/03/2025",20,0
"2263",146,10,"L1",15,"13/04/2025","D","25/03/2025",20,0
"2264",146,11,"L1",15,"13/04/2025","D","25/03/2025",20,0
"2265",146,12,"L1",15,"13/04/2025","D","25/03/2025",20,0
"2266",146,13,"L1",15,"13/04/2025","D","25/03/2025",20,0
"2267",146,14,"L1",15,"13/04/2025","D","25/03/2025",20,0
"2268",146,15,"L1",15,"13/04/2025","D","25/03/2025",20,0
"2269",146,16,"L1",15,"13/04/2025","D","25/03/2025",20,0
"2270",146,17,"L1",15,"13/04/2025","D","25/03/2025",20,0
"2271",146,18,"L1",15,"13/04/2025","D","25/03/2025",20,0
"2272",146,19,"L1",15,"13/04/2025","D","25/03/2025",20,1
"2273",147,1,"L1",15,"13/04/2025","D","25/03/2025",20,0
"2274",147,2,"L1",15,"13/04/2025","D","25/03/2025",20,0
"2275",147,3,"L1",15,NA,"D",NA,NA,0
"2276",147,4,"L1",15,"13/04/2025","D","25/03/2025",20,0
"2277",147,5,"L1",15,NA,"D",NA,NA,0
"2278",147,6,"L1",15,"13/04/2025","D","25/03/2025",20,0
"2279",147,7,"L1",15,"13/04/2025","D","25/03/2025",20,0
"2280",147,8,"L1",15,"13/04/2025","D","25/03/2025",20,0
"2281",147,9,"L1",15,"13/04/2025","D","25/03/2025",20,0
"2282",147,10,"L1",15,"13/04/2025","D","25/03/2025",20,0
"2283",147,11,"L1",15,"13/04/2025","D","25/03/2025",20,0
"2284",147,12,"L1",15,"13/04/2025","D","25/03/2025",20,0
"2285",147,13,"L1",15,"13/04/2025","D","25/03/2025",20,0
"2286",147,14,"L1",15,"13/04/2025","D","25/03/2025",20,0
"2287",147,15,"L1",15,"13/04/2025","D","25/03/2025",20,0
"2288",147,16,"L1",15,"13/04/2025","D","25/03/2025",20,0
"2289",147,17,"L1",15,"13/04/2025","D","25/03/2025",20,0
"2290",147,18,"L1",15,"13/04/2025","D","25/03/2025",20,0
"2291",147,19,"L1",15,"13/04/2025","D","25/03/2025",20,1
"2292",148,1,"L1",15,"13/04/2025","D","25/03/2025",20,0
"2293",148,2,"L1",15,"13/04/2025","D","25/03/2025",20,0
"2294",148,3,"L1",15,NA,"D",NA,NA,0
"2295",148,4,"L1",15,"13/04/2025","D","25/03/2025",20,0
"2296",148,5,"L1",15,NA,"D",NA,NA,0
"2297",148,6,"L1",15,"13/04/2025","D","25/03/2025",20,0
"2298",148,7,"L1",15,"13/04/2025","D","25/03/2025",20,0
"2299",148,8,"L1",15,"13/04/2025","D","25/03/2025",20,0
"2300",148,9,"L1",15,"13/04/2025","D","25/03/2025",20,0
"2301",148,10,"L1",15,"13/04/2025","D","25/03/2025",20,0
"2302",148,11,"L1",15,"13/04/2025","D","25/03/2025",20,0
"2303",148,12,"L1",15,"13/04/2025","D","25/03/2025",20,0
"2304",148,13,"L1",15,"13/04/2025","D","25/03/2025",20,0
"2305",148,14,"L1",15,"13/04/2025","D","25/03/2025",20,0
"2306",148,15,"L1",15,"13/04/2025","D","25/03/2025",20,0
"2307",148,16,"L1",15,"13/04/2025","D","25/03/2025",20,0
"2308",148,17,"L1",15,"13/04/2025","D","25/03/2025",20,0
"2309",148,18,"L1",15,"13/04/2025","D","25/03/2025",20,0
"2310",148,19,"L1",15,"13/04/2025","D","25/03/2025",20,1
"2311",149,1,"L1",15,"16/04/2025","D","25/03/2025",23,0
"2312",149,2,"L1",15,"16/04/2025","D","25/03/2025",23,0
"2313",149,3,"L1",15,NA,"D",NA,NA,0
"2314",149,4,"L1",15,"16/04/2025","D","25/03/2025",23,0
"2315",149,5,"L1",15,NA,"D",NA,NA,0
"2316",149,6,"L1",15,"16/04/2025","D","25/03/2025",23,0
"2317",149,7,"L1",15,"16/04/2025","D","25/03/2025",23,0
"2318",149,8,"L1",15,"16/04/2025","D","25/03/2025",23,0
"2319",149,9,"L1",15,"16/04/2025","D","25/03/2025",23,0
"2320",149,10,"L1",15,"16/04/2025","D","25/03/2025",23,0
"2321",149,11,"L1",15,"16/04/2025","D","25/03/2025",23,0
"2322",149,12,"L1",15,"16/04/2025","D","25/03/2025",23,0
"2323",149,13,"L1",15,"16/04/2025","D","25/03/2025",23,0
"2324",149,14,"L1",15,"16/04/2025","D","25/03/2025",23,0
"2325",149,15,"L1",15,"16/04/2025","D","25/03/2025",23,0
"2326",149,16,"L1",15,"16/04/2025","D","25/03/2025",23,0
"2327",149,17,"L1",15,"16/04/2025","D","25/03/2025",23,0
"2328",149,18,"L1",15,"16/04/2025","D","25/03/2025",23,0
"2329",149,19,"L1",15,"16/04/2025","D","25/03/2025",23,0
"2330",149,20,"L1",15,"16/04/2025","D","25/03/2025",23,0
"2331",149,21,"L1",15,"16/04/2025","D","25/03/2025",23,0
"2332",149,22,"L1",15,"16/04/2025","D","25/03/2025",23,1
"2333",150,1,"L1",15,"18/04/2025","D","25/03/2025",25,0
"2334",150,2,"L1",15,"18/04/2025","D","25/03/2025",25,0
"2335",150,3,"L1",15,NA,"D",NA,NA,0
"2336",150,4,"L1",15,"18/04/2025","D","25/03/2025",25,0
"2337",150,5,"L1",15,NA,"D",NA,NA,0
"2338",150,6,"L1",15,"18/04/2025","D","25/03/2025",25,0
"2339",150,7,"L1",15,"18/04/2025","D","25/03/2025",25,0
"2340",150,8,"L1",15,"18/04/2025","D","25/03/2025",25,0
"2341",150,9,"L1",15,"18/04/2025","D","25/03/2025",25,0
"2342",150,10,"L1",15,"18/04/2025","D","25/03/2025",25,0
"2343",150,11,"L1",15,"18/04/2025","D","25/03/2025",25,0
"2344",150,12,"L1",15,"18/04/2025","D","25/03/2025",25,0
"2345",150,13,"L1",15,"18/04/2025","D","25/03/2025",25,0
"2346",150,14,"L1",15,"18/04/2025","D","25/03/2025",25,0
"2347",150,15,"L1",15,"18/04/2025","D","25/03/2025",25,0
"2348",150,16,"L1",15,"18/04/2025","D","25/03/2025",25,0
"2349",150,17,"L1",15,"18/04/2025","D","25/03/2025",25,0
"2350",150,18,"L1",15,"18/04/2025","D","25/03/2025",25,0
"2351",150,19,"L1",15,"18/04/2025","D","25/03/2025",25,0
"2352",150,20,"L1",15,"18/04/2025","D","25/03/2025",25,0
"2353",150,21,"L1",15,"18/04/2025","D","25/03/2025",25,0
"2354",150,22,"L1",15,"18/04/2025","D","25/03/2025",25,0
"2355",150,23,"L1",15,"18/04/2025","D","25/03/2025",25,0
"2356",150,24,"L1",15,"18/04/2025","D","25/03/2025",25,1
"2357",151,1,"L1",16,"02/04/2025","D","25/03/2025",9,0
"2358",151,2,"L1",16,"02/04/2025","D","25/03/2025",9,0
"2359",151,3,"L1",16,NA,"D",NA,NA,0
"2360",151,4,"L1",16,"02/04/2025","D","25/03/2025",9,0
"2361",151,5,"L1",16,NA,"D",NA,NA,0
"2362",151,6,"L1",16,"02/04/2025","D","25/03/2025",9,0
"2363",151,7,"L1",16,"02/04/2025","D","25/03/2025",9,0
"2364",151,8,"L1",16,"02/04/2025","D","25/03/2025",9,1
"2365",153,1,"L1",16,"10/04/2025","D","25/03/2025",17,0
"2366",153,2,"L1",16,"10/04/2025","D","25/03/2025",17,0
"2367",153,3,"L1",16,NA,"D",NA,NA,0
"2368",153,4,"L1",16,"10/04/2025","D","25/03/2025",17,0
"2369",153,5,"L1",16,NA,"D",NA,NA,0
"2370",153,6,"L1",16,"10/04/2025","D","25/03/2025",17,0
"2371",153,7,"L1",16,"10/04/2025","D","25/03/2025",17,0
"2372",153,8,"L1",16,"10/04/2025","D","25/03/2025",17,0
"2373",153,9,"L1",16,"10/04/2025","D","25/03/2025",17,0
"2374",153,10,"L1",16,"10/04/2025","D","25/03/2025",17,0
"2375",153,11,"L1",16,"10/04/2025","D","25/03/2025",17,0
"2376",153,12,"L1",16,"10/04/2025","D","25/03/2025",17,0
"2377",153,13,"L1",16,"10/04/2025","D","25/03/2025",17,0
"2378",153,14,"L1",16,"10/04/2025","D","25/03/2025",17,0
"2379",153,15,"L1",16,"10/04/2025","D","25/03/2025",17,0
"2380",153,16,"L1",16,"10/04/2025","D","25/03/2025",17,1
"2381",154,1,"L1",16,"10/04/2025","D","25/03/2025",17,0
"2382",154,2,"L1",16,"10/04/2025","D","25/03/2025",17,0
"2383",154,3,"L1",16,NA,"D",NA,NA,0
"2384",154,4,"L1",16,"10/04/2025","D","25/03/2025",17,0
"2385",154,5,"L1",16,NA,"D",NA,NA,0
"2386",154,6,"L1",16,"10/04/2025","D","25/03/2025",17,0
"2387",154,7,"L1",16,"10/04/2025","D","25/03/2025",17,0
"2388",154,8,"L1",16,"10/04/2025","D","25/03/2025",17,0
"2389",154,9,"L1",16,"10/04/2025","D","25/03/2025",17,0
"2390",154,10,"L1",16,"10/04/2025","D","25/03/2025",17,0
"2391",154,11,"L1",16,"10/04/2025","D","25/03/2025",17,0
"2392",154,12,"L1",16,"10/04/2025","D","25/03/2025",17,0
"2393",154,13,"L1",16,"10/04/2025","D","25/03/2025",17,0
"2394",154,14,"L1",16,"10/04/2025","D","25/03/2025",17,0
"2395",154,15,"L1",16,"10/04/2025","D","25/03/2025",17,0
"2396",154,16,"L1",16,"10/04/2025","D","25/03/2025",17,1
"2397",155,1,"L1",16,"11/04/2025","D","25/03/2025",18,0
"2398",155,2,"L1",16,"11/04/2025","D","25/03/2025",18,0
"2399",155,3,"L1",16,NA,"D",NA,NA,0
"2400",155,4,"L1",16,"11/04/2025","D","25/03/2025",18,0
"2401",155,5,"L1",16,NA,"D",NA,NA,0
"2402",155,6,"L1",16,"11/04/2025","D","25/03/2025",18,0
"2403",155,7,"L1",16,"11/04/2025","D","25/03/2025",18,0
"2404",155,8,"L1",16,"11/04/2025","D","25/03/2025",18,0
"2405",155,9,"L1",16,"11/04/2025","D","25/03/2025",18,0
"2406",155,10,"L1",16,"11/04/2025","D","25/03/2025",18,0
"2407",155,11,"L1",16,"11/04/2025","D","25/03/2025",18,0
"2408",155,12,"L1",16,"11/04/2025","D","25/03/2025",18,0
"2409",155,13,"L1",16,"11/04/2025","D","25/03/2025",18,0
"2410",155,14,"L1",16,"11/04/2025","D","25/03/2025",18,0
"2411",155,15,"L1",16,"11/04/2025","D","25/03/2025",18,0
"2412",155,16,"L1",16,"11/04/2025","D","25/03/2025",18,0
"2413",155,17,"L1",16,"11/04/2025","D","25/03/2025",18,1
"2414",156,1,"L1",16,"13/04/2025","D","25/03/2025",20,0
"2415",156,2,"L1",16,"13/04/2025","D","25/03/2025",20,0
"2416",156,3,"L1",16,NA,"D",NA,NA,0
"2417",156,4,"L1",16,"13/04/2025","D","25/03/2025",20,0
"2418",156,5,"L1",16,NA,"D",NA,NA,0
"2419",156,6,"L1",16,"13/04/2025","D","25/03/2025",20,0
"2420",156,7,"L1",16,"13/04/2025","D","25/03/2025",20,0
"2421",156,8,"L1",16,"13/04/2025","D","25/03/2025",20,0
"2422",156,9,"L1",16,"13/04/2025","D","25/03/2025",20,0
"2423",156,10,"L1",16,"13/04/2025","D","25/03/2025",20,0
"2424",156,11,"L1",16,"13/04/2025","D","25/03/2025",20,0
"2425",156,12,"L1",16,"13/04/2025","D","25/03/2025",20,0
"2426",156,13,"L1",16,"13/04/2025","D","25/03/2025",20,0
"2427",156,14,"L1",16,"13/04/2025","D","25/03/2025",20,0
"2428",156,15,"L1",16,"13/04/2025","D","25/03/2025",20,0
"2429",156,16,"L1",16,"13/04/2025","D","25/03/2025",20,0
"2430",156,17,"L1",16,"13/04/2025","D","25/03/2025",20,0
"2431",156,18,"L1",16,"13/04/2025","D","25/03/2025",20,0
"2432",156,19,"L1",16,"13/04/2025","D","25/03/2025",20,1
"2433",157,1,"L1",16,"13/04/2025","D","25/03/2025",20,0
"2434",157,2,"L1",16,"13/04/2025","D","25/03/2025",20,0
"2435",157,3,"L1",16,NA,"D",NA,NA,0
"2436",157,4,"L1",16,"13/04/2025","D","25/03/2025",20,0
"2437",157,5,"L1",16,NA,"D",NA,NA,0
"2438",157,6,"L1",16,"13/04/2025","D","25/03/2025",20,0
"2439",157,7,"L1",16,"13/04/2025","D","25/03/2025",20,0
"2440",157,8,"L1",16,"13/04/2025","D","25/03/2025",20,0
"2441",157,9,"L1",16,"13/04/2025","D","25/03/2025",20,0
"2442",157,10,"L1",16,"13/04/2025","D","25/03/2025",20,0
"2443",157,11,"L1",16,"13/04/2025","D","25/03/2025",20,0
"2444",157,12,"L1",16,"13/04/2025","D","25/03/2025",20,0
"2445",157,13,"L1",16,"13/04/2025","D","25/03/2025",20,0
"2446",157,14,"L1",16,"13/04/2025","D","25/03/2025",20,0
"2447",157,15,"L1",16,"13/04/2025","D","25/03/2025",20,0
"2448",157,16,"L1",16,"13/04/2025","D","25/03/2025",20,0
"2449",157,17,"L1",16,"13/04/2025","D","25/03/2025",20,0
"2450",157,18,"L1",16,"13/04/2025","D","25/03/2025",20,0
"2451",157,19,"L1",16,"13/04/2025","D","25/03/2025",20,1
"2452",158,1,"L1",16,"14/04/2025","D","25/03/2025",21,0
"2453",158,2,"L1",16,"14/04/2025","D","25/03/2025",21,0
"2454",158,3,"L1",16,NA,"D",NA,NA,0
"2455",158,4,"L1",16,"14/04/2025","D","25/03/2025",21,0
"2456",158,5,"L1",16,NA,"D",NA,NA,0
"2457",158,6,"L1",16,"14/04/2025","D","25/03/2025",21,0
"2458",158,7,"L1",16,"14/04/2025","D","25/03/2025",21,0
"2459",158,8,"L1",16,"14/04/2025","D","25/03/2025",21,0
"2460",158,9,"L1",16,"14/04/2025","D","25/03/2025",21,0
"2461",158,10,"L1",16,"14/04/2025","D","25/03/2025",21,0
"2462",158,11,"L1",16,"14/04/2025","D","25/03/2025",21,0
"2463",158,12,"L1",16,"14/04/2025","D","25/03/2025",21,0
"2464",158,13,"L1",16,"14/04/2025","D","25/03/2025",21,0
"2465",158,14,"L1",16,"14/04/2025","D","25/03/2025",21,0
"2466",158,15,"L1",16,"14/04/2025","D","25/03/2025",21,0
"2467",158,16,"L1",16,"14/04/2025","D","25/03/2025",21,0
"2468",158,17,"L1",16,"14/04/2025","D","25/03/2025",21,0
"2469",158,18,"L1",16,"14/04/2025","D","25/03/2025",21,0
"2470",158,19,"L1",16,"14/04/2025","D","25/03/2025",21,0
"2471",158,20,"L1",16,"14/04/2025","D","25/03/2025",21,1
"2472",159,1,"L1",16,"18/04/2025","D","25/03/2025",25,0
"2473",159,2,"L1",16,"18/04/2025","D","25/03/2025",25,0
"2474",159,3,"L1",16,NA,"D",NA,NA,0
"2475",159,4,"L1",16,"18/04/2025","D","25/03/2025",25,0
"2476",159,5,"L1",16,NA,"D",NA,NA,0
"2477",159,6,"L1",16,"18/04/2025","D","25/03/2025",25,0
"2478",159,7,"L1",16,"18/04/2025","D","25/03/2025",25,0
"2479",159,8,"L1",16,"18/04/2025","D","25/03/2025",25,0
"2480",159,9,"L1",16,"18/04/2025","D","25/03/2025",25,0
"2481",159,10,"L1",16,"18/04/2025","D","25/03/2025",25,0
"2482",159,11,"L1",16,"18/04/2025","D","25/03/2025",25,0
"2483",159,12,"L1",16,"18/04/2025","D","25/03/2025",25,0
"2484",159,13,"L1",16,"18/04/2025","D","25/03/2025",25,0
"2485",159,14,"L1",16,"18/04/2025","D","25/03/2025",25,0
"2486",159,15,"L1",16,"18/04/2025","D","25/03/2025",25,0
"2487",159,16,"L1",16,"18/04/2025","D","25/03/2025",25,0
"2488",159,17,"L1",16,"18/04/2025","D","25/03/2025",25,0
"2489",159,18,"L1",16,"18/04/2025","D","25/03/2025",25,0
"2490",159,19,"L1",16,"18/04/2025","D","25/03/2025",25,0
"2491",159,20,"L1",16,"18/04/2025","D","25/03/2025",25,0
"2492",159,21,"L1",16,"18/04/2025","D","25/03/2025",25,0
"2493",159,22,"L1",16,"18/04/2025","D","25/03/2025",25,0
"2494",159,23,"L1",16,"18/04/2025","D","25/03/2025",25,0
"2495",159,24,"L1",16,"18/04/2025","D","25/03/2025",25,1
"2496",160,1,"L1",16,"20/04/2025","D","25/03/2025",27,0
"2497",160,2,"L1",16,"20/04/2025","D","25/03/2025",27,0
"2498",160,3,"L1",16,NA,"D",NA,NA,0
"2499",160,4,"L1",16,"20/04/2025","D","25/03/2025",27,0
"2500",160,5,"L1",16,NA,"D",NA,NA,0
"2501",160,6,"L1",16,"20/04/2025","D","25/03/2025",27,0
"2502",160,7,"L1",16,"20/04/2025","D","25/03/2025",27,0
"2503",160,8,"L1",16,"20/04/2025","D","25/03/2025",27,0
"2504",160,9,"L1",16,"20/04/2025","D","25/03/2025",27,0
"2505",160,10,"L1",16,"20/04/2025","D","25/03/2025",27,0
"2506",160,11,"L1",16,"20/04/2025","D","25/03/2025",27,0
"2507",160,12,"L1",16,"20/04/2025","D","25/03/2025",27,0
"2508",160,13,"L1",16,"20/04/2025","D","25/03/2025",27,0
"2509",160,14,"L1",16,"20/04/2025","D","25/03/2025",27,0
"2510",160,15,"L1",16,"20/04/2025","D","25/03/2025",27,0
"2511",160,16,"L1",16,"20/04/2025","D","25/03/2025",27,0
"2512",160,17,"L1",16,"20/04/2025","D","25/03/2025",27,0
"2513",160,18,"L1",16,"20/04/2025","D","25/03/2025",27,0
"2514",160,19,"L1",16,"20/04/2025","D","25/03/2025",27,0
"2515",160,20,"L1",16,"20/04/2025","D","25/03/2025",27,0
"2516",160,21,"L1",16,"20/04/2025","D","25/03/2025",27,0
"2517",160,22,"L1",16,"20/04/2025","D","25/03/2025",27,0
"2518",160,23,"L1",16,"20/04/2025","D","25/03/2025",27,0
"2519",160,24,"L1",16,"20/04/2025","D","25/03/2025",27,0
"2520",160,25,"L1",16,"20/04/2025","D","25/03/2025",27,0
"2521",160,26,"L1",16,"20/04/2025","D","25/03/2025",27,1
"2522",161,1,"L1",17,"06/04/2025","D","25/03/2025",13,0
"2523",161,2,"L1",17,"06/04/2025","D","25/03/2025",13,0
"2524",161,3,"L1",17,NA,"D",NA,NA,0
"2525",161,4,"L1",17,"06/04/2025","D","25/03/2025",13,0
"2526",161,5,"L1",17,NA,"D",NA,NA,0
"2527",161,6,"L1",17,"06/04/2025","D","25/03/2025",13,0
"2528",161,7,"L1",17,"06/04/2025","D","25/03/2025",13,0
"2529",161,8,"L1",17,"06/04/2025","D","25/03/2025",13,0
"2530",161,9,"L1",17,"06/04/2025","D","25/03/2025",13,0
"2531",161,10,"L1",17,"06/04/2025","D","25/03/2025",13,0
"2532",161,11,"L1",17,"06/04/2025","D","25/03/2025",13,0
"2533",161,12,"L1",17,"06/04/2025","D","25/03/2025",13,1
"2534",162,1,"L1",17,"09/04/2025","D","25/03/2025",16,0
"2535",162,2,"L1",17,"09/04/2025","D","25/03/2025",16,0
"2536",162,3,"L1",17,NA,"D",NA,NA,0
"2537",162,4,"L1",17,"09/04/2025","D","25/03/2025",16,0
"2538",162,5,"L1",17,NA,"D",NA,NA,0
"2539",162,6,"L1",17,"09/04/2025","D","25/03/2025",16,0
"2540",162,7,"L1",17,"09/04/2025","D","25/03/2025",16,0
"2541",162,8,"L1",17,"09/04/2025","D","25/03/2025",16,0
"2542",162,9,"L1",17,"09/04/2025","D","25/03/2025",16,0
"2543",162,10,"L1",17,"09/04/2025","D","25/03/2025",16,0
"2544",162,11,"L1",17,"09/04/2025","D","25/03/2025",16,0
"2545",162,12,"L1",17,"09/04/2025","D","25/03/2025",16,0
"2546",162,13,"L1",17,"09/04/2025","D","25/03/2025",16,0
"2547",162,14,"L1",17,"09/04/2025","D","25/03/2025",16,0
"2548",162,15,"L1",17,"09/04/2025","D","25/03/2025",16,1
"2549",163,1,"L1",17,"10/04/2025","D","25/03/2025",17,0
"2550",163,2,"L1",17,"10/04/2025","D","25/03/2025",17,0
"2551",163,3,"L1",17,NA,"D",NA,NA,0
"2552",163,4,"L1",17,"10/04/2025","D","25/03/2025",17,0
"2553",163,5,"L1",17,NA,"D",NA,NA,0
"2554",163,6,"L1",17,"10/04/2025","D","25/03/2025",17,0
"2555",163,7,"L1",17,"10/04/2025","D","25/03/2025",17,0
"2556",163,8,"L1",17,"10/04/2025","D","25/03/2025",17,0
"2557",163,9,"L1",17,"10/04/2025","D","25/03/2025",17,0
"2558",163,10,"L1",17,"10/04/2025","D","25/03/2025",17,0
"2559",163,11,"L1",17,"10/04/2025","D","25/03/2025",17,0
"2560",163,12,"L1",17,"10/04/2025","D","25/03/2025",17,0
"2561",163,13,"L1",17,"10/04/2025","D","25/03/2025",17,0
"2562",163,14,"L1",17,"10/04/2025","D","25/03/2025",17,0
"2563",163,15,"L1",17,"10/04/2025","D","25/03/2025",17,0
"2564",163,16,"L1",17,"10/04/2025","D","25/03/2025",17,1
"2565",164,1,"L1",17,"12/04/2025","D","25/03/2025",19,0
"2566",164,2,"L1",17,"12/04/2025","D","25/03/2025",19,0
"2567",164,3,"L1",17,NA,"D",NA,NA,0
"2568",164,4,"L1",17,"12/04/2025","D","25/03/2025",19,0
"2569",164,5,"L1",17,NA,"D",NA,NA,0
"2570",164,6,"L1",17,"12/04/2025","D","25/03/2025",19,0
"2571",164,7,"L1",17,"12/04/2025","D","25/03/2025",19,0
"2572",164,8,"L1",17,"12/04/2025","D","25/03/2025",19,0
"2573",164,9,"L1",17,"12/04/2025","D","25/03/2025",19,0
"2574",164,10,"L1",17,"12/04/2025","D","25/03/2025",19,0
"2575",164,11,"L1",17,"12/04/2025","D","25/03/2025",19,0
"2576",164,12,"L1",17,"12/04/2025","D","25/03/2025",19,0
"2577",164,13,"L1",17,"12/04/2025","D","25/03/2025",19,0
"2578",164,14,"L1",17,"12/04/2025","D","25/03/2025",19,0
"2579",164,15,"L1",17,"12/04/2025","D","25/03/2025",19,0
"2580",164,16,"L1",17,"12/04/2025","D","25/03/2025",19,0
"2581",164,17,"L1",17,"12/04/2025","D","25/03/2025",19,0
"2582",164,18,"L1",17,"12/04/2025","D","25/03/2025",19,1
"2583",165,1,"L1",17,"13/04/2025","D","25/03/2025",20,0
"2584",165,2,"L1",17,"13/04/2025","D","25/03/2025",20,0
"2585",165,3,"L1",17,NA,"D",NA,NA,0
"2586",165,4,"L1",17,"13/04/2025","D","25/03/2025",20,0
"2587",165,5,"L1",17,NA,"D",NA,NA,0
"2588",165,6,"L1",17,"13/04/2025","D","25/03/2025",20,0
"2589",165,7,"L1",17,"13/04/2025","D","25/03/2025",20,0
"2590",165,8,"L1",17,"13/04/2025","D","25/03/2025",20,0
"2591",165,9,"L1",17,"13/04/2025","D","25/03/2025",20,0
"2592",165,10,"L1",17,"13/04/2025","D","25/03/2025",20,0
"2593",165,11,"L1",17,"13/04/2025","D","25/03/2025",20,0
"2594",165,12,"L1",17,"13/04/2025","D","25/03/2025",20,0
"2595",165,13,"L1",17,"13/04/2025","D","25/03/2025",20,0
"2596",165,14,"L1",17,"13/04/2025","D","25/03/2025",20,0
"2597",165,15,"L1",17,"13/04/2025","D","25/03/2025",20,0
"2598",165,16,"L1",17,"13/04/2025","D","25/03/2025",20,0
"2599",165,17,"L1",17,"13/04/2025","D","25/03/2025",20,0
"2600",165,18,"L1",17,"13/04/2025","D","25/03/2025",20,0
"2601",165,19,"L1",17,"13/04/2025","D","25/03/2025",20,1
"2602",166,1,"L1",17,"13/04/2025","D","25/03/2025",20,0
"2603",166,2,"L1",17,"13/04/2025","D","25/03/2025",20,0
"2604",166,3,"L1",17,NA,"D",NA,NA,0
"2605",166,4,"L1",17,"13/04/2025","D","25/03/2025",20,0
"2606",166,5,"L1",17,NA,"D",NA,NA,0
"2607",166,6,"L1",17,"13/04/2025","D","25/03/2025",20,0
"2608",166,7,"L1",17,"13/04/2025","D","25/03/2025",20,0
"2609",166,8,"L1",17,"13/04/2025","D","25/03/2025",20,0
"2610",166,9,"L1",17,"13/04/2025","D","25/03/2025",20,0
"2611",166,10,"L1",17,"13/04/2025","D","25/03/2025",20,0
"2612",166,11,"L1",17,"13/04/2025","D","25/03/2025",20,0
"2613",166,12,"L1",17,"13/04/2025","D","25/03/2025",20,0
"2614",166,13,"L1",17,"13/04/2025","D","25/03/2025",20,0
"2615",166,14,"L1",17,"13/04/2025","D","25/03/2025",20,0
"2616",166,15,"L1",17,"13/04/2025","D","25/03/2025",20,0
"2617",166,16,"L1",17,"13/04/2025","D","25/03/2025",20,0
"2618",166,17,"L1",17,"13/04/2025","D","25/03/2025",20,0
"2619",166,18,"L1",17,"13/04/2025","D","25/03/2025",20,0
"2620",166,19,"L1",17,"13/04/2025","D","25/03/2025",20,1
"2621",167,1,"L1",17,"14/04/2025","D","25/03/2025",21,0
"2622",167,2,"L1",17,"14/04/2025","D","25/03/2025",21,0
"2623",167,3,"L1",17,NA,"D",NA,NA,0
"2624",167,4,"L1",17,"14/04/2025","D","25/03/2025",21,0
"2625",167,5,"L1",17,NA,"D",NA,NA,0
"2626",167,6,"L1",17,"14/04/2025","D","25/03/2025",21,0
"2627",167,7,"L1",17,"14/04/2025","D","25/03/2025",21,0
"2628",167,8,"L1",17,"14/04/2025","D","25/03/2025",21,0
"2629",167,9,"L1",17,"14/04/2025","D","25/03/2025",21,0
"2630",167,10,"L1",17,"14/04/2025","D","25/03/2025",21,0
"2631",167,11,"L1",17,"14/04/2025","D","25/03/2025",21,0
"2632",167,12,"L1",17,"14/04/2025","D","25/03/2025",21,0
"2633",167,13,"L1",17,"14/04/2025","D","25/03/2025",21,0
"2634",167,14,"L1",17,"14/04/2025","D","25/03/2025",21,0
"2635",167,15,"L1",17,"14/04/2025","D","25/03/2025",21,0
"2636",167,16,"L1",17,"14/04/2025","D","25/03/2025",21,0
"2637",167,17,"L1",17,"14/04/2025","D","25/03/2025",21,0
"2638",167,18,"L1",17,"14/04/2025","D","25/03/2025",21,0
"2639",167,19,"L1",17,"14/04/2025","D","25/03/2025",21,0
"2640",167,20,"L1",17,"14/04/2025","D","25/03/2025",21,1
"2641",168,1,"L1",17,"16/04/2025","D","25/03/2025",23,0
"2642",168,2,"L1",17,"16/04/2025","D","25/03/2025",23,0
"2643",168,3,"L1",17,NA,"D",NA,NA,0
"2644",168,4,"L1",17,"16/04/2025","D","25/03/2025",23,0
"2645",168,5,"L1",17,NA,"D",NA,NA,0
"2646",168,6,"L1",17,"16/04/2025","D","25/03/2025",23,0
"2647",168,7,"L1",17,"16/04/2025","D","25/03/2025",23,0
"2648",168,8,"L1",17,"16/04/2025","D","25/03/2025",23,0
"2649",168,9,"L1",17,"16/04/2025","D","25/03/2025",23,0
"2650",168,10,"L1",17,"16/04/2025","D","25/03/2025",23,0
"2651",168,11,"L1",17,"16/04/2025","D","25/03/2025",23,0
"2652",168,12,"L1",17,"16/04/2025","D","25/03/2025",23,0
"2653",168,13,"L1",17,"16/04/2025","D","25/03/2025",23,0
"2654",168,14,"L1",17,"16/04/2025","D","25/03/2025",23,0
"2655",168,15,"L1",17,"16/04/2025","D","25/03/2025",23,0
"2656",168,16,"L1",17,"16/04/2025","D","25/03/2025",23,0
"2657",168,17,"L1",17,"16/04/2025","D","25/03/2025",23,0
"2658",168,18,"L1",17,"16/04/2025","D","25/03/2025",23,0
"2659",168,19,"L1",17,"16/04/2025","D","25/03/2025",23,0
"2660",168,20,"L1",17,"16/04/2025","D","25/03/2025",23,0
"2661",168,21,"L1",17,"16/04/2025","D","25/03/2025",23,0
"2662",168,22,"L1",17,"16/04/2025","D","25/03/2025",23,1
"2663",169,1,"L1",17,"16/04/2025","D","25/03/2025",23,0
"2664",169,2,"L1",17,"16/04/2025","D","25/03/2025",23,0
"2665",169,3,"L1",17,NA,"D",NA,NA,0
"2666",169,4,"L1",17,"16/04/2025","D","25/03/2025",23,0
"2667",169,5,"L1",17,NA,"D",NA,NA,0
"2668",169,6,"L1",17,"16/04/2025","D","25/03/2025",23,0
"2669",169,7,"L1",17,"16/04/2025","D","25/03/2025",23,0
"2670",169,8,"L1",17,"16/04/2025","D","25/03/2025",23,0
"2671",169,9,"L1",17,"16/04/2025","D","25/03/2025",23,0
"2672",169,10,"L1",17,"16/04/2025","D","25/03/2025",23,0
"2673",169,11,"L1",17,"16/04/2025","D","25/03/2025",23,0
"2674",169,12,"L1",17,"16/04/2025","D","25/03/2025",23,0
"2675",169,13,"L1",17,"16/04/2025","D","25/03/2025",23,0
"2676",169,14,"L1",17,"16/04/2025","D","25/03/2025",23,0
"2677",169,15,"L1",17,"16/04/2025","D","25/03/2025",23,0
"2678",169,16,"L1",17,"16/04/2025","D","25/03/2025",23,0
"2679",169,17,"L1",17,"16/04/2025","D","25/03/2025",23,0
"2680",169,18,"L1",17,"16/04/2025","D","25/03/2025",23,0
"2681",169,19,"L1",17,"16/04/2025","D","25/03/2025",23,0
"2682",169,20,"L1",17,"16/04/2025","D","25/03/2025",23,0
"2683",169,21,"L1",17,"16/04/2025","D","25/03/2025",23,0
"2684",169,22,"L1",17,"16/04/2025","D","25/03/2025",23,1
"2685",170,1,"L1",17,"16/04/2025","D","25/03/2025",23,0
"2686",170,2,"L1",17,"16/04/2025","D","25/03/2025",23,0
"2687",170,3,"L1",17,NA,"D",NA,NA,0
"2688",170,4,"L1",17,"16/04/2025","D","25/03/2025",23,0
"2689",170,5,"L1",17,NA,"D",NA,NA,0
"2690",170,6,"L1",17,"16/04/2025","D","25/03/2025",23,0
"2691",170,7,"L1",17,"16/04/2025","D","25/03/2025",23,0
"2692",170,8,"L1",17,"16/04/2025","D","25/03/2025",23,0
"2693",170,9,"L1",17,"16/04/2025","D","25/03/2025",23,0
"2694",170,10,"L1",17,"16/04/2025","D","25/03/2025",23,0
"2695",170,11,"L1",17,"16/04/2025","D","25/03/2025",23,0
"2696",170,12,"L1",17,"16/04/2025","D","25/03/2025",23,0
"2697",170,13,"L1",17,"16/04/2025","D","25/03/2025",23,0
"2698",170,14,"L1",17,"16/04/2025","D","25/03/2025",23,0
"2699",170,15,"L1",17,"16/04/2025","D","25/03/2025",23,0
"2700",170,16,"L1",17,"16/04/2025","D","25/03/2025",23,0
"2701",170,17,"L1",17,"16/04/2025","D","25/03/2025",23,0
"2702",170,18,"L1",17,"16/04/2025","D","25/03/2025",23,0
"2703",170,19,"L1",17,"16/04/2025","D","25/03/2025",23,0
"2704",170,20,"L1",17,"16/04/2025","D","25/03/2025",23,0
"2705",170,21,"L1",17,"16/04/2025","D","25/03/2025",23,0
"2706",170,22,"L1",17,"16/04/2025","D","25/03/2025",23,1
"2707",171,1,"L1",18,"09/04/2025","D","25/03/2025",16,0
"2708",171,2,"L1",18,"09/04/2025","D","25/03/2025",16,0
"2709",171,3,"L1",18,NA,"D",NA,NA,0
"2710",171,4,"L1",18,"09/04/2025","D","25/03/2025",16,0
"2711",171,5,"L1",18,NA,"D",NA,NA,0
"2712",171,6,"L1",18,"09/04/2025","D","25/03/2025",16,0
"2713",171,7,"L1",18,"09/04/2025","D","25/03/2025",16,0
"2714",171,8,"L1",18,"09/04/2025","D","25/03/2025",16,0
"2715",171,9,"L1",18,"09/04/2025","D","25/03/2025",16,0
"2716",171,10,"L1",18,"09/04/2025","D","25/03/2025",16,0
"2717",171,11,"L1",18,"09/04/2025","D","25/03/2025",16,0
"2718",171,12,"L1",18,"09/04/2025","D","25/03/2025",16,0
"2719",171,13,"L1",18,"09/04/2025","D","25/03/2025",16,0
"2720",171,14,"L1",18,"09/04/2025","D","25/03/2025",16,0
"2721",171,15,"L1",18,"09/04/2025","D","25/03/2025",16,1
"2722",172,1,"L1",18,"13/04/2025","D","25/03/2025",20,0
"2723",172,2,"L1",18,"13/04/2025","D","25/03/2025",20,0
"2724",172,3,"L1",18,NA,"D",NA,NA,0
"2725",172,4,"L1",18,"13/04/2025","D","25/03/2025",20,0
"2726",172,5,"L1",18,NA,"D",NA,NA,0
"2727",172,6,"L1",18,"13/04/2025","D","25/03/2025",20,0
"2728",172,7,"L1",18,"13/04/2025","D","25/03/2025",20,0
"2729",172,8,"L1",18,"13/04/2025","D","25/03/2025",20,0
"2730",172,9,"L1",18,"13/04/2025","D","25/03/2025",20,0
"2731",172,10,"L1",18,"13/04/2025","D","25/03/2025",20,0
"2732",172,11,"L1",18,"13/04/2025","D","25/03/2025",20,0
"2733",172,12,"L1",18,"13/04/2025","D","25/03/2025",20,0
"2734",172,13,"L1",18,"13/04/2025","D","25/03/2025",20,0
"2735",172,14,"L1",18,"13/04/2025","D","25/03/2025",20,0
"2736",172,15,"L1",18,"13/04/2025","D","25/03/2025",20,0
"2737",172,16,"L1",18,"13/04/2025","D","25/03/2025",20,0
"2738",172,17,"L1",18,"13/04/2025","D","25/03/2025",20,0
"2739",172,18,"L1",18,"13/04/2025","D","25/03/2025",20,0
"2740",172,19,"L1",18,"13/04/2025","D","25/03/2025",20,1
"2741",173,1,"L1",18,"13/04/2025","D","25/03/2025",20,0
"2742",173,2,"L1",18,"13/04/2025","D","25/03/2025",20,0
"2743",173,3,"L1",18,NA,"D",NA,NA,0
"2744",173,4,"L1",18,"13/04/2025","D","25/03/2025",20,0
"2745",173,5,"L1",18,NA,"D",NA,NA,0
"2746",173,6,"L1",18,"13/04/2025","D","25/03/2025",20,0
"2747",173,7,"L1",18,"13/04/2025","D","25/03/2025",20,0
"2748",173,8,"L1",18,"13/04/2025","D","25/03/2025",20,0
"2749",173,9,"L1",18,"13/04/2025","D","25/03/2025",20,0
"2750",173,10,"L1",18,"13/04/2025","D","25/03/2025",20,0
"2751",173,11,"L1",18,"13/04/2025","D","25/03/2025",20,0
"2752",173,12,"L1",18,"13/04/2025","D","25/03/2025",20,0
"2753",173,13,"L1",18,"13/04/2025","D","25/03/2025",20,0
"2754",173,14,"L1",18,"13/04/2025","D","25/03/2025",20,0
"2755",173,15,"L1",18,"13/04/2025","D","25/03/2025",20,0
"2756",173,16,"L1",18,"13/04/2025","D","25/03/2025",20,0
"2757",173,17,"L1",18,"13/04/2025","D","25/03/2025",20,0
"2758",173,18,"L1",18,"13/04/2025","D","25/03/2025",20,0
"2759",173,19,"L1",18,"13/04/2025","D","25/03/2025",20,1
"2760",174,1,"L1",18,"13/04/2025","D","25/03/2025",20,0
"2761",174,2,"L1",18,"13/04/2025","D","25/03/2025",20,0
"2762",174,3,"L1",18,NA,"D",NA,NA,0
"2763",174,4,"L1",18,"13/04/2025","D","25/03/2025",20,0
"2764",174,5,"L1",18,NA,"D",NA,NA,0
"2765",174,6,"L1",18,"13/04/2025","D","25/03/2025",20,0
"2766",174,7,"L1",18,"13/04/2025","D","25/03/2025",20,0
"2767",174,8,"L1",18,"13/04/2025","D","25/03/2025",20,0
"2768",174,9,"L1",18,"13/04/2025","D","25/03/2025",20,0
"2769",174,10,"L1",18,"13/04/2025","D","25/03/2025",20,0
"2770",174,11,"L1",18,"13/04/2025","D","25/03/2025",20,0
"2771",174,12,"L1",18,"13/04/2025","D","25/03/2025",20,0
"2772",174,13,"L1",18,"13/04/2025","D","25/03/2025",20,0
"2773",174,14,"L1",18,"13/04/2025","D","25/03/2025",20,0
"2774",174,15,"L1",18,"13/04/2025","D","25/03/2025",20,0
"2775",174,16,"L1",18,"13/04/2025","D","25/03/2025",20,0
"2776",174,17,"L1",18,"13/04/2025","D","25/03/2025",20,0
"2777",174,18,"L1",18,"13/04/2025","D","25/03/2025",20,0
"2778",174,19,"L1",18,"13/04/2025","D","25/03/2025",20,1
"2779",175,1,"L1",18,"14/04/2025","D","25/03/2025",21,0
"2780",175,2,"L1",18,"14/04/2025","D","25/03/2025",21,0
"2781",175,3,"L1",18,NA,"D",NA,NA,0
"2782",175,4,"L1",18,"14/04/2025","D","25/03/2025",21,0
"2783",175,5,"L1",18,NA,"D",NA,NA,0
"2784",175,6,"L1",18,"14/04/2025","D","25/03/2025",21,0
"2785",175,7,"L1",18,"14/04/2025","D","25/03/2025",21,0
"2786",175,8,"L1",18,"14/04/2025","D","25/03/2025",21,0
"2787",175,9,"L1",18,"14/04/2025","D","25/03/2025",21,0
"2788",175,10,"L1",18,"14/04/2025","D","25/03/2025",21,0
"2789",175,11,"L1",18,"14/04/2025","D","25/03/2025",21,0
"2790",175,12,"L1",18,"14/04/2025","D","25/03/2025",21,0
"2791",175,13,"L1",18,"14/04/2025","D","25/03/2025",21,0
"2792",175,14,"L1",18,"14/04/2025","D","25/03/2025",21,0
"2793",175,15,"L1",18,"14/04/2025","D","25/03/2025",21,0
"2794",175,16,"L1",18,"14/04/2025","D","25/03/2025",21,0
"2795",175,17,"L1",18,"14/04/2025","D","25/03/2025",21,0
"2796",175,18,"L1",18,"14/04/2025","D","25/03/2025",21,0
"2797",175,19,"L1",18,"14/04/2025","D","25/03/2025",21,0
"2798",175,20,"L1",18,"14/04/2025","D","25/03/2025",21,1
"2799",176,1,"L1",18,"16/04/2025","D","25/03/2025",23,0
"2800",176,2,"L1",18,"16/04/2025","D","25/03/2025",23,0
"2801",176,3,"L1",18,NA,"D",NA,NA,0
"2802",176,4,"L1",18,"16/04/2025","D","25/03/2025",23,0
"2803",176,5,"L1",18,NA,"D",NA,NA,0
"2804",176,6,"L1",18,"16/04/2025","D","25/03/2025",23,0
"2805",176,7,"L1",18,"16/04/2025","D","25/03/2025",23,0
"2806",176,8,"L1",18,"16/04/2025","D","25/03/2025",23,0
"2807",176,9,"L1",18,"16/04/2025","D","25/03/2025",23,0
"2808",176,10,"L1",18,"16/04/2025","D","25/03/2025",23,0
"2809",176,11,"L1",18,"16/04/2025","D","25/03/2025",23,0
"2810",176,12,"L1",18,"16/04/2025","D","25/03/2025",23,0
"2811",176,13,"L1",18,"16/04/2025","D","25/03/2025",23,0
"2812",176,14,"L1",18,"16/04/2025","D","25/03/2025",23,0
"2813",176,15,"L1",18,"16/04/2025","D","25/03/2025",23,0
"2814",176,16,"L1",18,"16/04/2025","D","25/03/2025",23,0
"2815",176,17,"L1",18,"16/04/2025","D","25/03/2025",23,0
"2816",176,18,"L1",18,"16/04/2025","D","25/03/2025",23,0
"2817",176,19,"L1",18,"16/04/2025","D","25/03/2025",23,0
"2818",176,20,"L1",18,"16/04/2025","D","25/03/2025",23,0
"2819",176,21,"L1",18,"16/04/2025","D","25/03/2025",23,0
"2820",176,22,"L1",18,"16/04/2025","D","25/03/2025",23,1
"2821",177,1,"L1",18,"16/04/2025","D","25/03/2025",23,0
"2822",177,2,"L1",18,"16/04/2025","D","25/03/2025",23,0
"2823",177,3,"L1",18,NA,"D",NA,NA,0
"2824",177,4,"L1",18,"16/04/2025","D","25/03/2025",23,0
"2825",177,5,"L1",18,NA,"D",NA,NA,0
"2826",177,6,"L1",18,"16/04/2025","D","25/03/2025",23,0
"2827",177,7,"L1",18,"16/04/2025","D","25/03/2025",23,0
"2828",177,8,"L1",18,"16/04/2025","D","25/03/2025",23,0
"2829",177,9,"L1",18,"16/04/2025","D","25/03/2025",23,0
"2830",177,10,"L1",18,"16/04/2025","D","25/03/2025",23,0
"2831",177,11,"L1",18,"16/04/2025","D","25/03/2025",23,0
"2832",177,12,"L1",18,"16/04/2025","D","25/03/2025",23,0
"2833",177,13,"L1",18,"16/04/2025","D","25/03/2025",23,0
"2834",177,14,"L1",18,"16/04/2025","D","25/03/2025",23,0
"2835",177,15,"L1",18,"16/04/2025","D","25/03/2025",23,0
"2836",177,16,"L1",18,"16/04/2025","D","25/03/2025",23,0
"2837",177,17,"L1",18,"16/04/2025","D","25/03/2025",23,0
"2838",177,18,"L1",18,"16/04/2025","D","25/03/2025",23,0
"2839",177,19,"L1",18,"16/04/2025","D","25/03/2025",23,0
"2840",177,20,"L1",18,"16/04/2025","D","25/03/2025",23,0
"2841",177,21,"L1",18,"16/04/2025","D","25/03/2025",23,0
"2842",177,22,"L1",18,"16/04/2025","D","25/03/2025",23,1
"2843",178,1,"L1",18,"16/04/2025","D","25/03/2025",23,0
"2844",178,2,"L1",18,"16/04/2025","D","25/03/2025",23,0
"2845",178,3,"L1",18,NA,"D",NA,NA,0
"2846",178,4,"L1",18,"16/04/2025","D","25/03/2025",23,0
"2847",178,5,"L1",18,NA,"D",NA,NA,0
"2848",178,6,"L1",18,"16/04/2025","D","25/03/2025",23,0
"2849",178,7,"L1",18,"16/04/2025","D","25/03/2025",23,0
"2850",178,8,"L1",18,"16/04/2025","D","25/03/2025",23,0
"2851",178,9,"L1",18,"16/04/2025","D","25/03/2025",23,0
"2852",178,10,"L1",18,"16/04/2025","D","25/03/2025",23,0
"2853",178,11,"L1",18,"16/04/2025","D","25/03/2025",23,0
"2854",178,12,"L1",18,"16/04/2025","D","25/03/2025",23,0
"2855",178,13,"L1",18,"16/04/2025","D","25/03/2025",23,0
"2856",178,14,"L1",18,"16/04/2025","D","25/03/2025",23,0
"2857",178,15,"L1",18,"16/04/2025","D","25/03/2025",23,0
"2858",178,16,"L1",18,"16/04/2025","D","25/03/2025",23,0
"2859",178,17,"L1",18,"16/04/2025","D","25/03/2025",23,0
"2860",178,18,"L1",18,"16/04/2025","D","25/03/2025",23,0
"2861",178,19,"L1",18,"16/04/2025","D","25/03/2025",23,0
"2862",178,20,"L1",18,"16/04/2025","D","25/03/2025",23,0
"2863",178,21,"L1",18,"16/04/2025","D","25/03/2025",23,0
"2864",178,22,"L1",18,"16/04/2025","D","25/03/2025",23,1
"2865",179,1,"L1",18,"18/04/2025","D","25/03/2025",25,0
"2866",179,2,"L1",18,"18/04/2025","D","25/03/2025",25,0
"2867",179,3,"L1",18,NA,"D",NA,NA,0
"2868",179,4,"L1",18,"18/04/2025","D","25/03/2025",25,0
"2869",179,5,"L1",18,NA,"D",NA,NA,0
"2870",179,6,"L1",18,"18/04/2025","D","25/03/2025",25,0
"2871",179,7,"L1",18,"18/04/2025","D","25/03/2025",25,0
"2872",179,8,"L1",18,"18/04/2025","D","25/03/2025",25,0
"2873",179,9,"L1",18,"18/04/2025","D","25/03/2025",25,0
"2874",179,10,"L1",18,"18/04/2025","D","25/03/2025",25,0
"2875",179,11,"L1",18,"18/04/2025","D","25/03/2025",25,0
"2876",179,12,"L1",18,"18/04/2025","D","25/03/2025",25,0
"2877",179,13,"L1",18,"18/04/2025","D","25/03/2025",25,0
"2878",179,14,"L1",18,"18/04/2025","D","25/03/2025",25,0
"2879",179,15,"L1",18,"18/04/2025","D","25/03/2025",25,0
"2880",179,16,"L1",18,"18/04/2025","D","25/03/2025",25,0
"2881",179,17,"L1",18,"18/04/2025","D","25/03/2025",25,0
"2882",179,18,"L1",18,"18/04/2025","D","25/03/2025",25,0
"2883",179,19,"L1",18,"18/04/2025","D","25/03/2025",25,0
"2884",179,20,"L1",18,"18/04/2025","D","25/03/2025",25,0
"2885",179,21,"L1",18,"18/04/2025","D","25/03/2025",25,0
"2886",179,22,"L1",18,"18/04/2025","D","25/03/2025",25,0
"2887",179,23,"L1",18,"18/04/2025","D","25/03/2025",25,0
"2888",179,24,"L1",18,"18/04/2025","D","25/03/2025",25,1
"2889",180,1,"L1",18,"18/04/2025","D","25/03/2025",25,0
"2890",180,2,"L1",18,"18/04/2025","D","25/03/2025",25,0
"2891",180,3,"L1",18,NA,"D",NA,NA,0
"2892",180,4,"L1",18,"18/04/2025","D","25/03/2025",25,0
"2893",180,5,"L1",18,NA,"D",NA,NA,0
"2894",180,6,"L1",18,"18/04/2025","D","25/03/2025",25,0
"2895",180,7,"L1",18,"18/04/2025","D","25/03/2025",25,0
"2896",180,8,"L1",18,"18/04/2025","D","25/03/2025",25,0
"2897",180,9,"L1",18,"18/04/2025","D","25/03/2025",25,0
"2898",180,10,"L1",18,"18/04/2025","D","25/03/2025",25,0
"2899",180,11,"L1",18,"18/04/2025","D","25/03/2025",25,0
"2900",180,12,"L1",18,"18/04/2025","D","25/03/2025",25,0
"2901",180,13,"L1",18,"18/04/2025","D","25/03/2025",25,0
"2902",180,14,"L1",18,"18/04/2025","D","25/03/2025",25,0
"2903",180,15,"L1",18,"18/04/2025","D","25/03/2025",25,0
"2904",180,16,"L1",18,"18/04/2025","D","25/03/2025",25,0
"2905",180,17,"L1",18,"18/04/2025","D","25/03/2025",25,0
"2906",180,18,"L1",18,"18/04/2025","D","25/03/2025",25,0
"2907",180,19,"L1",18,"18/04/2025","D","25/03/2025",25,0
"2908",180,20,"L1",18,"18/04/2025","D","25/03/2025",25,0
"2909",180,21,"L1",18,"18/04/2025","D","25/03/2025",25,0
"2910",180,22,"L1",18,"18/04/2025","D","25/03/2025",25,0
"2911",180,23,"L1",18,"18/04/2025","D","25/03/2025",25,0
"2912",180,24,"L1",18,"18/04/2025","D","25/03/2025",25,1
"2913",185,1,"L1",19,"11/04/2025","D","25/03/2025",18,0
"2914",185,2,"L1",19,"11/04/2025","D","25/03/2025",18,0
"2915",185,3,"L1",19,NA,"D",NA,NA,0
"2916",185,4,"L1",19,"11/04/2025","D","25/03/2025",18,0
"2917",185,5,"L1",19,NA,"D",NA,NA,0
"2918",185,6,"L1",19,"11/04/2025","D","25/03/2025",18,0
"2919",185,7,"L1",19,"11/04/2025","D","25/03/2025",18,0
"2920",185,8,"L1",19,"11/04/2025","D","25/03/2025",18,0
"2921",185,9,"L1",19,"11/04/2025","D","25/03/2025",18,0
"2922",185,10,"L1",19,"11/04/2025","D","25/03/2025",18,0
"2923",185,11,"L1",19,"11/04/2025","D","25/03/2025",18,0
"2924",185,12,"L1",19,"11/04/2025","D","25/03/2025",18,0
"2925",185,13,"L1",19,"11/04/2025","D","25/03/2025",18,0
"2926",185,14,"L1",19,"11/04/2025","D","25/03/2025",18,0
"2927",185,15,"L1",19,"11/04/2025","D","25/03/2025",18,0
"2928",185,16,"L1",19,"11/04/2025","D","25/03/2025",18,0
"2929",185,17,"L1",19,"11/04/2025","D","25/03/2025",18,1
"2930",186,1,"L1",19,"11/04/2025","D","25/03/2025",18,0
"2931",186,2,"L1",19,"11/04/2025","D","25/03/2025",18,0
"2932",186,3,"L1",19,NA,"D",NA,NA,0
"2933",186,4,"L1",19,"11/04/2025","D","25/03/2025",18,0
"2934",186,5,"L1",19,NA,"D",NA,NA,0
"2935",186,6,"L1",19,"11/04/2025","D","25/03/2025",18,0
"2936",186,7,"L1",19,"11/04/2025","D","25/03/2025",18,0
"2937",186,8,"L1",19,"11/04/2025","D","25/03/2025",18,0
"2938",186,9,"L1",19,"11/04/2025","D","25/03/2025",18,0
"2939",186,10,"L1",19,"11/04/2025","D","25/03/2025",18,0
"2940",186,11,"L1",19,"11/04/2025","D","25/03/2025",18,0
"2941",186,12,"L1",19,"11/04/2025","D","25/03/2025",18,0
"2942",186,13,"L1",19,"11/04/2025","D","25/03/2025",18,0
"2943",186,14,"L1",19,"11/04/2025","D","25/03/2025",18,0
"2944",186,15,"L1",19,"11/04/2025","D","25/03/2025",18,0
"2945",186,16,"L1",19,"11/04/2025","D","25/03/2025",18,0
"2946",186,17,"L1",19,"11/04/2025","D","25/03/2025",18,1
"2947",187,1,"L1",19,"12/04/2025","D","25/03/2025",19,0
"2948",187,2,"L1",19,"12/04/2025","D","25/03/2025",19,0
"2949",187,3,"L1",19,NA,"D",NA,NA,0
"2950",187,4,"L1",19,"12/04/2025","D","25/03/2025",19,0
"2951",187,5,"L1",19,NA,"D",NA,NA,0
"2952",187,6,"L1",19,"12/04/2025","D","25/03/2025",19,0
"2953",187,7,"L1",19,"12/04/2025","D","25/03/2025",19,0
"2954",187,8,"L1",19,"12/04/2025","D","25/03/2025",19,0
"2955",187,9,"L1",19,"12/04/2025","D","25/03/2025",19,0
"2956",187,10,"L1",19,"12/04/2025","D","25/03/2025",19,0
"2957",187,11,"L1",19,"12/04/2025","D","25/03/2025",19,0
"2958",187,12,"L1",19,"12/04/2025","D","25/03/2025",19,0
"2959",187,13,"L1",19,"12/04/2025","D","25/03/2025",19,0
"2960",187,14,"L1",19,"12/04/2025","D","25/03/2025",19,0
"2961",187,15,"L1",19,"12/04/2025","D","25/03/2025",19,0
"2962",187,16,"L1",19,"12/04/2025","D","25/03/2025",19,0
"2963",187,17,"L1",19,"12/04/2025","D","25/03/2025",19,0
"2964",187,18,"L1",19,"12/04/2025","D","25/03/2025",19,1
"2965",188,1,"L1",19,"13/04/2025","D","25/03/2025",20,0
"2966",188,2,"L1",19,"13/04/2025","D","25/03/2025",20,0
"2967",188,3,"L1",19,NA,"D",NA,NA,0
"2968",188,4,"L1",19,"13/04/2025","D","25/03/2025",20,0
"2969",188,5,"L1",19,NA,"D",NA,NA,0
"2970",188,6,"L1",19,"13/04/2025","D","25/03/2025",20,0
"2971",188,7,"L1",19,"13/04/2025","D","25/03/2025",20,0
"2972",188,8,"L1",19,"13/04/2025","D","25/03/2025",20,0
"2973",188,9,"L1",19,"13/04/2025","D","25/03/2025",20,0
"2974",188,10,"L1",19,"13/04/2025","D","25/03/2025",20,0
"2975",188,11,"L1",19,"13/04/2025","D","25/03/2025",20,0
"2976",188,12,"L1",19,"13/04/2025","D","25/03/2025",20,0
"2977",188,13,"L1",19,"13/04/2025","D","25/03/2025",20,0
"2978",188,14,"L1",19,"13/04/2025","D","25/03/2025",20,0
"2979",188,15,"L1",19,"13/04/2025","D","25/03/2025",20,0
"2980",188,16,"L1",19,"13/04/2025","D","25/03/2025",20,0
"2981",188,17,"L1",19,"13/04/2025","D","25/03/2025",20,0
"2982",188,18,"L1",19,"13/04/2025","D","25/03/2025",20,0
"2983",188,19,"L1",19,"13/04/2025","D","25/03/2025",20,1
"2984",189,1,"L1",19,"16/04/2025","D","25/03/2025",23,0
"2985",189,2,"L1",19,"16/04/2025","D","25/03/2025",23,0
"2986",189,3,"L1",19,NA,"D",NA,NA,0
"2987",189,4,"L1",19,"16/04/2025","D","25/03/2025",23,0
"2988",189,5,"L1",19,NA,"D",NA,NA,0
"2989",189,6,"L1",19,"16/04/2025","D","25/03/2025",23,0
"2990",189,7,"L1",19,"16/04/2025","D","25/03/2025",23,0
"2991",189,8,"L1",19,"16/04/2025","D","25/03/2025",23,0
"2992",189,9,"L1",19,"16/04/2025","D","25/03/2025",23,0
"2993",189,10,"L1",19,"16/04/2025","D","25/03/2025",23,0
"2994",189,11,"L1",19,"16/04/2025","D","25/03/2025",23,0
"2995",189,12,"L1",19,"16/04/2025","D","25/03/2025",23,0
"2996",189,13,"L1",19,"16/04/2025","D","25/03/2025",23,0
"2997",189,14,"L1",19,"16/04/2025","D","25/03/2025",23,0
"2998",189,15,"L1",19,"16/04/2025","D","25/03/2025",23,0
"2999",189,16,"L1",19,"16/04/2025","D","25/03/2025",23,0
"3000",189,17,"L1",19,"16/04/2025","D","25/03/2025",23,0
"3001",189,18,"L1",19,"16/04/2025","D","25/03/2025",23,0
"3002",189,19,"L1",19,"16/04/2025","D","25/03/2025",23,0
"3003",189,20,"L1",19,"16/04/2025","D","25/03/2025",23,0
"3004",189,21,"L1",19,"16/04/2025","D","25/03/2025",23,0
"3005",189,22,"L1",19,"16/04/2025","D","25/03/2025",23,1
"3006",190,1,"L1",19,"18/04/2025","D","25/03/2025",25,0
"3007",190,2,"L1",19,"18/04/2025","D","25/03/2025",25,0
"3008",190,3,"L1",19,NA,"D",NA,NA,0
"3009",190,4,"L1",19,"18/04/2025","D","25/03/2025",25,0
"3010",190,5,"L1",19,NA,"D",NA,NA,0
"3011",190,6,"L1",19,"18/04/2025","D","25/03/2025",25,0
"3012",190,7,"L1",19,"18/04/2025","D","25/03/2025",25,0
"3013",190,8,"L1",19,"18/04/2025","D","25/03/2025",25,0
"3014",190,9,"L1",19,"18/04/2025","D","25/03/2025",25,0
"3015",190,10,"L1",19,"18/04/2025","D","25/03/2025",25,0
"3016",190,11,"L1",19,"18/04/2025","D","25/03/2025",25,0
"3017",190,12,"L1",19,"18/04/2025","D","25/03/2025",25,0
"3018",190,13,"L1",19,"18/04/2025","D","25/03/2025",25,0
"3019",190,14,"L1",19,"18/04/2025","D","25/03/2025",25,0
"3020",190,15,"L1",19,"18/04/2025","D","25/03/2025",25,0
"3021",190,16,"L1",19,"18/04/2025","D","25/03/2025",25,0
"3022",190,17,"L1",19,"18/04/2025","D","25/03/2025",25,0
"3023",190,18,"L1",19,"18/04/2025","D","25/03/2025",25,0
"3024",190,19,"L1",19,"18/04/2025","D","25/03/2025",25,0
"3025",190,20,"L1",19,"18/04/2025","D","25/03/2025",25,0
"3026",190,21,"L1",19,"18/04/2025","D","25/03/2025",25,0
"3027",190,22,"L1",19,"18/04/2025","D","25/03/2025",25,0
"3028",190,23,"L1",19,"18/04/2025","D","25/03/2025",25,0
"3029",190,24,"L1",19,"18/04/2025","D","25/03/2025",25,1
"3030",193,1,"L1",20,"11/04/2025","D","25/03/2025",18,0
"3031",193,2,"L1",20,"11/04/2025","D","25/03/2025",18,0
"3032",193,3,"L1",20,NA,"D",NA,NA,0
"3033",193,4,"L1",20,"11/04/2025","D","25/03/2025",18,0
"3034",193,5,"L1",20,NA,"D",NA,NA,0
"3035",193,6,"L1",20,"11/04/2025","D","25/03/2025",18,0
"3036",193,7,"L1",20,"11/04/2025","D","25/03/2025",18,0
"3037",193,8,"L1",20,"11/04/2025","D","25/03/2025",18,0
"3038",193,9,"L1",20,"11/04/2025","D","25/03/2025",18,0
"3039",193,10,"L1",20,"11/04/2025","D","25/03/2025",18,0
"3040",193,11,"L1",20,"11/04/2025","D","25/03/2025",18,0
"3041",193,12,"L1",20,"11/04/2025","D","25/03/2025",18,0
"3042",193,13,"L1",20,"11/04/2025","D","25/03/2025",18,0
"3043",193,14,"L1",20,"11/04/2025","D","25/03/2025",18,0
"3044",193,15,"L1",20,"11/04/2025","D","25/03/2025",18,0
"3045",193,16,"L1",20,"11/04/2025","D","25/03/2025",18,0
"3046",193,17,"L1",20,"11/04/2025","D","25/03/2025",18,1
"3047",194,1,"L1",20,"13/04/2025","D","25/03/2025",20,0
"3048",194,2,"L1",20,"13/04/2025","D","25/03/2025",20,0
"3049",194,3,"L1",20,NA,"D",NA,NA,0
"3050",194,4,"L1",20,"13/04/2025","D","25/03/2025",20,0
"3051",194,5,"L1",20,NA,"D",NA,NA,0
"3052",194,6,"L1",20,"13/04/2025","D","25/03/2025",20,0
"3053",194,7,"L1",20,"13/04/2025","D","25/03/2025",20,0
"3054",194,8,"L1",20,"13/04/2025","D","25/03/2025",20,0
"3055",194,9,"L1",20,"13/04/2025","D","25/03/2025",20,0
"3056",194,10,"L1",20,"13/04/2025","D","25/03/2025",20,0
"3057",194,11,"L1",20,"13/04/2025","D","25/03/2025",20,0
"3058",194,12,"L1",20,"13/04/2025","D","25/03/2025",20,0
"3059",194,13,"L1",20,"13/04/2025","D","25/03/2025",20,0
"3060",194,14,"L1",20,"13/04/2025","D","25/03/2025",20,0
"3061",194,15,"L1",20,"13/04/2025","D","25/03/2025",20,0
"3062",194,16,"L1",20,"13/04/2025","D","25/03/2025",20,0
"3063",194,17,"L1",20,"13/04/2025","D","25/03/2025",20,0
"3064",194,18,"L1",20,"13/04/2025","D","25/03/2025",20,0
"3065",194,19,"L1",20,"13/04/2025","D","25/03/2025",20,1
"3066",195,1,"L1",20,"13/04/2025","D","25/03/2025",20,0
"3067",195,2,"L1",20,"13/04/2025","D","25/03/2025",20,0
"3068",195,3,"L1",20,NA,"D",NA,NA,0
"3069",195,4,"L1",20,"13/04/2025","D","25/03/2025",20,0
"3070",195,5,"L1",20,NA,"D",NA,NA,0
"3071",195,6,"L1",20,"13/04/2025","D","25/03/2025",20,0
"3072",195,7,"L1",20,"13/04/2025","D","25/03/2025",20,0
"3073",195,8,"L1",20,"13/04/2025","D","25/03/2025",20,0
"3074",195,9,"L1",20,"13/04/2025","D","25/03/2025",20,0
"3075",195,10,"L1",20,"13/04/2025","D","25/03/2025",20,0
"3076",195,11,"L1",20,"13/04/2025","D","25/03/2025",20,0
"3077",195,12,"L1",20,"13/04/2025","D","25/03/2025",20,0
"3078",195,13,"L1",20,"13/04/2025","D","25/03/2025",20,0
"3079",195,14,"L1",20,"13/04/2025","D","25/03/2025",20,0
"3080",195,15,"L1",20,"13/04/2025","D","25/03/2025",20,0
"3081",195,16,"L1",20,"13/04/2025","D","25/03/2025",20,0
"3082",195,17,"L1",20,"13/04/2025","D","25/03/2025",20,0
"3083",195,18,"L1",20,"13/04/2025","D","25/03/2025",20,0
"3084",195,19,"L1",20,"13/04/2025","D","25/03/2025",20,1
"3085",196,1,"L1",20,"16/04/2025","D","25/03/2025",23,0
"3086",196,2,"L1",20,"16/04/2025","D","25/03/2025",23,0
"3087",196,3,"L1",20,NA,"D",NA,NA,0
"3088",196,4,"L1",20,"16/04/2025","D","25/03/2025",23,0
"3089",196,5,"L1",20,NA,"D",NA,NA,0
"3090",196,6,"L1",20,"16/04/2025","D","25/03/2025",23,0
"3091",196,7,"L1",20,"16/04/2025","D","25/03/2025",23,0
"3092",196,8,"L1",20,"16/04/2025","D","25/03/2025",23,0
"3093",196,9,"L1",20,"16/04/2025","D","25/03/2025",23,0
"3094",196,10,"L1",20,"16/04/2025","D","25/03/2025",23,0
"3095",196,11,"L1",20,"16/04/2025","D","25/03/2025",23,0
"3096",196,12,"L1",20,"16/04/2025","D","25/03/2025",23,0
"3097",196,13,"L1",20,"16/04/2025","D","25/03/2025",23,0
"3098",196,14,"L1",20,"16/04/2025","D","25/03/2025",23,0
"3099",196,15,"L1",20,"16/04/2025","D","25/03/2025",23,0
"3100",196,16,"L1",20,"16/04/2025","D","25/03/2025",23,0
"3101",196,17,"L1",20,"16/04/2025","D","25/03/2025",23,0
"3102",196,18,"L1",20,"16/04/2025","D","25/03/2025",23,0
"3103",196,19,"L1",20,"16/04/2025","D","25/03/2025",23,0
"3104",196,20,"L1",20,"16/04/2025","D","25/03/2025",23,0
"3105",196,21,"L1",20,"16/04/2025","D","25/03/2025",23,0
"3106",196,22,"L1",20,"16/04/2025","D","25/03/2025",23,1
"3107",197,1,"L1",20,"16/04/2025","D","25/03/2025",23,0
"3108",197,2,"L1",20,"16/04/2025","D","25/03/2025",23,0
"3109",197,3,"L1",20,NA,"D",NA,NA,0
"3110",197,4,"L1",20,"16/04/2025","D","25/03/2025",23,0
"3111",197,5,"L1",20,NA,"D",NA,NA,0
"3112",197,6,"L1",20,"16/04/2025","D","25/03/2025",23,0
"3113",197,7,"L1",20,"16/04/2025","D","25/03/2025",23,0
"3114",197,8,"L1",20,"16/04/2025","D","25/03/2025",23,0
"3115",197,9,"L1",20,"16/04/2025","D","25/03/2025",23,0
"3116",197,10,"L1",20,"16/04/2025","D","25/03/2025",23,0
"3117",197,11,"L1",20,"16/04/2025","D","25/03/2025",23,0
"3118",197,12,"L1",20,"16/04/2025","D","25/03/2025",23,0
"3119",197,13,"L1",20,"16/04/2025","D","25/03/2025",23,0
"3120",197,14,"L1",20,"16/04/2025","D","25/03/2025",23,0
"3121",197,15,"L1",20,"16/04/2025","D","25/03/2025",23,0
"3122",197,16,"L1",20,"16/04/2025","D","25/03/2025",23,0
"3123",197,17,"L1",20,"16/04/2025","D","25/03/2025",23,0
"3124",197,18,"L1",20,"16/04/2025","D","25/03/2025",23,0
"3125",197,19,"L1",20,"16/04/2025","D","25/03/2025",23,0
"3126",197,20,"L1",20,"16/04/2025","D","25/03/2025",23,0
"3127",197,21,"L1",20,"16/04/2025","D","25/03/2025",23,0
"3128",197,22,"L1",20,"16/04/2025","D","25/03/2025",23,1
"3129",198,1,"L1",20,"16/04/2025","D","25/03/2025",23,0
"3130",198,2,"L1",20,"16/04/2025","D","25/03/2025",23,0
"3131",198,3,"L1",20,NA,"D",NA,NA,0
"3132",198,4,"L1",20,"16/04/2025","D","25/03/2025",23,0
"3133",198,5,"L1",20,NA,"D",NA,NA,0
"3134",198,6,"L1",20,"16/04/2025","D","25/03/2025",23,0
"3135",198,7,"L1",20,"16/04/2025","D","25/03/2025",23,0
"3136",198,8,"L1",20,"16/04/2025","D","25/03/2025",23,0
"3137",198,9,"L1",20,"16/04/2025","D","25/03/2025",23,0
"3138",198,10,"L1",20,"16/04/2025","D","25/03/2025",23,0
"3139",198,11,"L1",20,"16/04/2025","D","25/03/2025",23,0
"3140",198,12,"L1",20,"16/04/2025","D","25/03/2025",23,0
"3141",198,13,"L1",20,"16/04/2025","D","25/03/2025",23,0
"3142",198,14,"L1",20,"16/04/2025","D","25/03/2025",23,0
"3143",198,15,"L1",20,"16/04/2025","D","25/03/2025",23,0
"3144",198,16,"L1",20,"16/04/2025","D","25/03/2025",23,0
"3145",198,17,"L1",20,"16/04/2025","D","25/03/2025",23,0
"3146",198,18,"L1",20,"16/04/2025","D","25/03/2025",23,0
"3147",198,19,"L1",20,"16/04/2025","D","25/03/2025",23,0
"3148",198,20,"L1",20,"16/04/2025","D","25/03/2025",23,0
"3149",198,21,"L1",20,"16/04/2025","D","25/03/2025",23,0
"3150",198,22,"L1",20,"16/04/2025","D","25/03/2025",23,1
"3151",199,1,"L1",20,"18/04/2025","D","25/03/2025",25,0
"3152",199,2,"L1",20,"18/04/2025","D","25/03/2025",25,0
"3153",199,3,"L1",20,NA,"D",NA,NA,0
"3154",199,4,"L1",20,"18/04/2025","D","25/03/2025",25,0
"3155",199,5,"L1",20,NA,"D",NA,NA,0
"3156",199,6,"L1",20,"18/04/2025","D","25/03/2025",25,0
"3157",199,7,"L1",20,"18/04/2025","D","25/03/2025",25,0
"3158",199,8,"L1",20,"18/04/2025","D","25/03/2025",25,0
"3159",199,9,"L1",20,"18/04/2025","D","25/03/2025",25,0
"3160",199,10,"L1",20,"18/04/2025","D","25/03/2025",25,0
"3161",199,11,"L1",20,"18/04/2025","D","25/03/2025",25,0
"3162",199,12,"L1",20,"18/04/2025","D","25/03/2025",25,0
"3163",199,13,"L1",20,"18/04/2025","D","25/03/2025",25,0
"3164",199,14,"L1",20,"18/04/2025","D","25/03/2025",25,0
"3165",199,15,"L1",20,"18/04/2025","D","25/03/2025",25,0
"3166",199,16,"L1",20,"18/04/2025","D","25/03/2025",25,0
"3167",199,17,"L1",20,"18/04/2025","D","25/03/2025",25,0
"3168",199,18,"L1",20,"18/04/2025","D","25/03/2025",25,0
"3169",199,19,"L1",20,"18/04/2025","D","25/03/2025",25,0
"3170",199,20,"L1",20,"18/04/2025","D","25/03/2025",25,0
"3171",199,21,"L1",20,"18/04/2025","D","25/03/2025",25,0
"3172",199,22,"L1",20,"18/04/2025","D","25/03/2025",25,0
"3173",199,23,"L1",20,"18/04/2025","D","25/03/2025",25,0
"3174",199,24,"L1",20,"18/04/2025","D","25/03/2025",25,1
"3175",200,1,"L1",20,"18/04/2025","D","25/03/2025",25,0
"3176",200,2,"L1",20,"18/04/2025","D","25/03/2025",25,0
"3177",200,3,"L1",20,NA,"D",NA,NA,0
"3178",200,4,"L1",20,"18/04/2025","D","25/03/2025",25,0
"3179",200,5,"L1",20,NA,"D",NA,NA,0
"3180",200,6,"L1",20,"18/04/2025","D","25/03/2025",25,0
"3181",200,7,"L1",20,"18/04/2025","D","25/03/2025",25,0
"3182",200,8,"L1",20,"18/04/2025","D","25/03/2025",25,0
"3183",200,9,"L1",20,"18/04/2025","D","25/03/2025",25,0
"3184",200,10,"L1",20,"18/04/2025","D","25/03/2025",25,0
"3185",200,11,"L1",20,"18/04/2025","D","25/03/2025",25,0
"3186",200,12,"L1",20,"18/04/2025","D","25/03/2025",25,0
"3187",200,13,"L1",20,"18/04/2025","D","25/03/2025",25,0
"3188",200,14,"L1",20,"18/04/2025","D","25/03/2025",25,0
"3189",200,15,"L1",20,"18/04/2025","D","25/03/2025",25,0
"3190",200,16,"L1",20,"18/04/2025","D","25/03/2025",25,0
"3191",200,17,"L1",20,"18/04/2025","D","25/03/2025",25,0
"3192",200,18,"L1",20,"18/04/2025","D","25/03/2025",25,0
"3193",200,19,"L1",20,"18/04/2025","D","25/03/2025",25,0
"3194",200,20,"L1",20,"18/04/2025","D","25/03/2025",25,0
"3195",200,21,"L1",20,"18/04/2025","D","25/03/2025",25,0
"3196",200,22,"L1",20,"18/04/2025","D","25/03/2025",25,0
"3197",200,23,"L1",20,"18/04/2025","D","25/03/2025",25,0
"3198",200,24,"L1",20,"18/04/2025","D","25/03/2025",25,1
